-- MySQL dump 10.13  Distrib 5.6.35, for osx10.9 (x86_64)
--
-- Host: localhost    Database: vk
-- ------------------------------------------------------
-- Server version	5.6.35

/*!40101 SET @OLD_CHARACTER_SET_CLIENT=@@CHARACTER_SET_CLIENT */;
/*!40101 SET @OLD_CHARACTER_SET_RESULTS=@@CHARACTER_SET_RESULTS */;
/*!40101 SET @OLD_COLLATION_CONNECTION=@@COLLATION_CONNECTION */;
/*!40101 SET NAMES utf8 */;
/*!40103 SET @OLD_TIME_ZONE=@@TIME_ZONE */;
/*!40103 SET TIME_ZONE='+00:00' */;
/*!40014 SET @OLD_UNIQUE_CHECKS=@@UNIQUE_CHECKS, UNIQUE_CHECKS=0 */;
/*!40014 SET @OLD_FOREIGN_KEY_CHECKS=@@FOREIGN_KEY_CHECKS, FOREIGN_KEY_CHECKS=0 */;
/*!40101 SET @OLD_SQL_MODE=@@SQL_MODE, SQL_MODE='NO_AUTO_VALUE_ON_ZERO' */;
/*!40111 SET @OLD_SQL_NOTES=@@SQL_NOTES, SQL_NOTES=0 */;

--
-- Table structure for table `communities`
--

DROP TABLE IF EXISTS `communities`;
/*!40101 SET @saved_cs_client     = @@character_set_client */;
/*!40101 SET character_set_client = utf8 */;
CREATE TABLE `communities` (
  `id` int(10) unsigned NOT NULL AUTO_INCREMENT,
  `name` varchar(150) COLLATE utf8_unicode_ci NOT NULL,
  PRIMARY KEY (`id`),
  UNIQUE KEY `name` (`name`)
) ENGINE=InnoDB AUTO_INCREMENT=101 DEFAULT CHARSET=utf8 COLLATE=utf8_unicode_ci;
/*!40101 SET character_set_client = @saved_cs_client */;

--
-- Dumping data for table `communities`
--

LOCK TABLES `communities` WRITE;
/*!40000 ALTER TABLE `communities` DISABLE KEYS */;
INSERT INTO `communities` VALUES (18,'Accusantium deleniti necessitatibus rerum iste.'),(11,'Adipisci expedita et nulla esse optio.'),(13,'Consequatur suscipit laboriosam qui sed aut.'),(15,'Dicta nemo est a voluptas fuga.'),(5,'Dolor qui amet cupiditate.'),(12,'Dolorem natus consequuntur quam sunt consequuntur exercitationem.'),(9,'Dolores hic nobis odio eligendi soluta aut.'),(16,'Eius voluptate nihil eveniet aut nostrum tempore officia.'),(2,'Eos consequatur quam repudiandae aut aspernatur veritatis.'),(14,'Et et sunt id et sequi.'),(3,'Minima sed optio exercitationem.'),(19,'Nihil molestiae non vel est.'),(6,'Provident laborum sit tenetur voluptatem est magni.'),(10,'Qui similique saepe dolor qui asperiores itaque perferendis.'),(4,'Recusandae provident sit architecto maiores quaerat perspiciatis.'),(17,'Saepe non repellendus rerum quibusdam aut consequatur dicta adipisci.'),(8,'Tenetur corrupti tenetur illum.'),(7,'Tenetur temporibus id consequuntur mollitia dolores sit in optio.'),(20,'Ullam possimus vero explicabo.'),(1,'Ut sint quod et voluptatem vel.');
/*!40000 ALTER TABLE `communities` ENABLE KEYS */;
UNLOCK TABLES;

--
-- Table structure for table `communities_users`
--

DROP TABLE IF EXISTS `communities_users`;
/*!40101 SET @saved_cs_client     = @@character_set_client */;
/*!40101 SET character_set_client = utf8 */;
CREATE TABLE `communities_users` (
  `community_id` int(10) unsigned NOT NULL,
  `user_id` int(10) unsigned NOT NULL,
  PRIMARY KEY (`community_id`,`user_id`)
) ENGINE=InnoDB DEFAULT CHARSET=utf8 COLLATE=utf8_unicode_ci;
/*!40101 SET character_set_client = @saved_cs_client */;

--
-- Dumping data for table `communities_users`
--

LOCK TABLES `communities_users` WRITE;
/*!40000 ALTER TABLE `communities_users` DISABLE KEYS */;
INSERT INTO `communities_users` VALUES (1,3),(1,14),(1,48),(1,54),(1,66),(1,73),(1,75),(1,82),(1,84),(2,1),(2,8),(2,25),(2,91),(3,18),(3,28),(3,29),(3,51),(4,20),(4,27),(4,36),(4,43),(4,47),(4,65),(4,68),(4,80),(5,30),(5,74),(5,83),(5,88),(5,90),(6,10),(6,11),(6,35),(6,39),(6,46),(6,62),(6,63),(6,87),(7,5),(7,58),(7,59),(7,70),(7,81),(7,86),(7,96),(8,41),(8,55),(8,76),(8,89),(9,2),(9,13),(9,40),(9,45),(9,57),(10,42),(10,78),(10,85),(11,23),(11,24),(11,33),(11,53),(11,79),(11,94),(11,98),(11,99),(12,7),(12,44),(12,52),(13,21),(13,49),(13,64),(13,72),(13,92),(14,9),(14,12),(14,17),(14,22),(14,67),(14,97),(15,16),(15,19),(15,31),(15,60),(15,61),(15,71),(16,34),(18,4),(18,6),(18,26),(18,37),(18,93),(19,32),(19,56),(19,77),(19,100),(20,15),(20,38),(20,50),(20,69),(20,95);
/*!40000 ALTER TABLE `communities_users` ENABLE KEYS */;
UNLOCK TABLES;

--
-- Table structure for table `friendship`
--

DROP TABLE IF EXISTS `friendship`;
/*!40101 SET @saved_cs_client     = @@character_set_client */;
/*!40101 SET character_set_client = utf8 */;
CREATE TABLE `friendship` (
  `user_id` int(10) unsigned NOT NULL,
  `friend_id` int(10) unsigned NOT NULL,
  `status_id` int(10) unsigned NOT NULL,
  `requested_at` datetime DEFAULT CURRENT_TIMESTAMP,
  `confirmed_at` datetime DEFAULT NULL,
  PRIMARY KEY (`user_id`,`friend_id`)
) ENGINE=InnoDB DEFAULT CHARSET=utf8 COLLATE=utf8_unicode_ci;
/*!40101 SET character_set_client = @saved_cs_client */;

--
-- Dumping data for table `friendship`
--

LOCK TABLES `friendship` WRITE;
/*!40000 ALTER TABLE `friendship` DISABLE KEYS */;
INSERT INTO `friendship` VALUES (1,10,2,'1978-02-03 21:30:47','2004-01-10 08:16:10'),(1,23,3,'1981-07-07 01:35:05','2005-06-27 11:29:15'),(2,96,1,'2015-05-28 03:46:31','1987-12-10 00:34:48'),(4,1,2,'2010-03-22 17:26:58','1973-10-12 11:27:23'),(4,92,3,'1980-12-29 13:06:33','2003-11-23 08:15:37'),(6,34,3,'1983-10-17 11:13:57','1974-01-23 06:09:08'),(6,47,2,'1990-01-02 22:27:41','1986-02-04 10:14:46'),(6,68,2,'1979-09-18 01:26:02','1990-09-19 15:03:14'),(10,83,2,'1985-12-26 06:11:39','1993-09-28 06:40:32'),(12,22,3,'1982-07-12 07:32:22','2002-07-06 20:08:53'),(12,54,2,'2011-04-03 15:43:38','1975-10-04 12:45:25'),(15,10,1,'1982-06-09 04:51:33','2017-05-29 19:03:47'),(15,36,2,'1999-02-18 06:35:54','2005-03-15 23:43:56'),(17,10,2,'1997-09-17 20:57:30','2008-04-07 02:44:57'),(18,37,1,'2020-02-13 12:50:21','1970-09-16 17:29:25'),(19,12,2,'1978-01-11 03:20:23','1972-06-15 18:35:11'),(19,32,2,'1970-03-19 13:33:52','1984-09-29 04:19:43'),(20,31,1,'2008-12-25 12:41:51','1970-12-17 10:47:20'),(20,73,2,'1973-08-28 05:38:27','2014-08-08 07:41:17'),(21,20,1,'1972-07-08 21:58:35','1970-01-01 00:47:16'),(23,4,1,'1978-12-08 19:22:48','1974-04-16 21:33:58'),(24,13,2,'1982-04-27 12:17:01','1990-03-26 03:34:26'),(24,22,2,'1998-07-24 04:18:46','1982-03-11 20:30:42'),(24,28,1,'1981-04-10 17:40:01','2002-07-30 18:36:36'),(26,15,2,'2011-04-05 23:29:00','2000-03-07 01:16:30'),(27,51,3,'1986-11-30 07:12:23','1977-05-18 05:34:03'),(30,30,2,'1998-08-15 14:38:19','1985-01-02 13:56:19'),(30,92,1,'2012-04-14 15:34:02','2003-05-19 21:31:26'),(31,43,2,'2003-10-22 22:51:49','1995-07-20 13:25:04'),(33,5,1,'2015-10-04 16:57:53','2014-12-03 22:56:04'),(33,70,1,'1982-11-14 13:08:01','1971-09-10 01:46:53'),(34,7,2,'2017-12-15 15:38:09','1974-08-28 01:32:59'),(34,11,3,'2014-11-25 05:30:02','2009-07-15 15:06:09'),(34,61,3,'1975-04-27 11:15:14','1999-12-27 22:26:47'),(34,87,2,'2018-02-22 09:45:46','2020-01-18 10:00:24'),(36,99,2,'1990-12-18 21:03:21','1994-06-09 09:55:48'),(37,42,2,'1977-06-08 19:23:53','1987-10-10 10:03:43'),(38,18,1,'1986-10-18 18:50:41','1975-11-25 11:39:20'),(41,29,3,'2001-09-20 21:02:40','1973-12-14 13:10:59'),(43,60,1,'1980-02-14 18:07:40','1978-11-27 17:10:28'),(43,70,1,'2006-08-25 07:26:43','2000-06-06 17:59:17'),(44,50,2,'1999-07-03 16:59:18','2007-05-04 20:14:24'),(45,85,1,'1989-01-07 04:53:46','1987-04-25 18:23:21'),(45,94,2,'2015-05-28 07:50:40','2019-06-22 23:57:08'),(47,3,2,'1970-08-06 19:20:24','1985-12-27 07:07:32'),(47,20,2,'2012-09-10 23:17:17','2014-10-31 18:05:50'),(47,57,2,'2017-12-11 18:07:45','1989-02-06 04:52:45'),(47,91,3,'2006-08-24 00:46:11','1984-12-24 14:03:24'),(49,22,1,'1988-06-07 19:44:47','2018-03-18 15:56:29'),(50,27,3,'1992-01-30 07:54:10','2007-07-01 07:11:54'),(50,40,1,'1986-08-23 21:14:33','2007-09-28 05:24:43'),(51,21,1,'1994-10-15 06:51:29','2006-08-24 20:33:21'),(51,40,2,'1994-06-27 06:06:06','1979-11-28 15:28:43'),(52,55,2,'1985-07-20 13:57:34','2006-08-30 16:21:16'),(53,34,1,'1970-02-18 00:09:38','1991-06-19 20:57:30'),(54,3,3,'2000-11-29 22:02:56','2005-07-29 16:35:29'),(54,56,1,'2017-01-13 19:09:52','2001-11-21 21:42:47'),(55,66,2,'2000-06-22 07:10:24','2007-04-23 08:01:15'),(59,5,3,'2007-12-21 16:09:57','1996-05-24 15:10:51'),(59,33,1,'1999-06-10 08:31:59','1982-05-06 13:17:34'),(62,14,3,'2016-03-30 13:55:06','2010-02-16 19:23:01'),(63,14,2,'1983-05-27 13:48:47','2016-01-03 02:27:41'),(63,36,3,'2001-05-26 16:38:57','1983-10-29 06:03:26'),(63,47,1,'2014-10-14 11:56:22','2017-04-24 07:39:07'),(63,62,2,'1987-12-19 03:30:23','1994-08-03 01:00:05'),(66,47,2,'1997-06-01 11:32:41','2004-11-17 19:26:54'),(66,56,2,'1975-05-22 06:02:13','1993-11-07 20:50:48'),(68,60,1,'1998-07-05 12:03:07','1991-05-03 22:43:39'),(70,57,3,'2011-07-02 21:33:23','2001-02-25 01:30:22'),(73,13,2,'1982-11-24 07:43:57','1990-01-10 20:19:11'),(73,92,1,'1996-10-13 06:05:10','2018-01-06 16:56:41'),(73,100,2,'2013-09-26 16:25:50','1980-04-15 15:03:29'),(74,17,1,'2011-07-14 20:03:08','1981-12-18 00:48:03'),(74,83,3,'1981-11-19 03:50:39','2014-02-24 00:49:32'),(75,63,1,'1974-03-02 07:41:14','1996-12-27 23:01:39'),(75,88,3,'2000-03-06 15:45:28','2005-06-07 13:58:04'),(76,14,1,'2013-11-22 10:19:51','1977-03-02 03:21:16'),(77,43,2,'1996-11-16 19:18:32','2008-11-16 21:35:05'),(79,94,2,'2014-01-14 16:56:06','1983-09-30 05:39:49'),(80,33,2,'2013-10-12 04:39:14','1984-09-16 05:59:41'),(82,70,2,'1990-10-29 09:23:46','1990-12-31 00:53:38'),(83,18,3,'1992-08-13 12:17:35','2013-02-28 01:13:19'),(84,71,3,'2019-10-24 15:16:33','1986-12-09 23:59:18'),(86,98,2,'2015-04-15 21:32:12','1993-03-06 23:09:28'),(87,54,2,'1997-09-13 12:23:24','1976-09-28 19:46:37'),(89,44,2,'2013-06-25 04:38:47','2005-08-01 18:35:58'),(89,88,2,'2002-10-10 18:56:04','2019-08-28 12:55:14'),(90,43,2,'1977-07-30 05:52:47','1981-04-20 12:23:37'),(92,68,3,'1998-05-31 07:05:13','1985-06-14 15:34:18'),(93,15,2,'1998-05-09 13:17:20','1983-07-30 19:42:55'),(93,61,1,'2006-10-18 10:42:57','2012-04-10 21:43:16'),(94,24,2,'1995-06-17 10:39:14','1998-06-19 21:32:43'),(94,29,1,'1984-08-17 01:41:13','2000-10-11 19:53:09'),(95,31,3,'2007-08-31 23:41:40','1987-04-20 12:38:23'),(95,79,1,'1970-05-09 11:34:06','1995-08-15 22:35:22'),(96,99,2,'2003-03-20 05:19:05','2007-03-04 03:23:55'),(99,61,3,'1987-07-09 03:29:38','2001-10-22 10:23:50'),(99,64,2,'1995-07-05 18:43:03','2002-12-03 18:35:34'),(99,71,2,'1995-06-19 17:45:09','1995-03-24 16:56:39'),(100,93,1,'2011-07-19 11:25:41','2000-01-15 18:47:43');
/*!40000 ALTER TABLE `friendship` ENABLE KEYS */;
UNLOCK TABLES;

--
-- Table structure for table `friendship_statuses`
--

DROP TABLE IF EXISTS `friendship_statuses`;
/*!40101 SET @saved_cs_client     = @@character_set_client */;
/*!40101 SET character_set_client = utf8 */;
CREATE TABLE `friendship_statuses` (
  `id` int(10) unsigned NOT NULL AUTO_INCREMENT,
  `name` varchar(150) COLLATE utf8_unicode_ci NOT NULL,
  PRIMARY KEY (`id`),
  UNIQUE KEY `name` (`name`)
) ENGINE=InnoDB AUTO_INCREMENT=4 DEFAULT CHARSET=utf8 COLLATE=utf8_unicode_ci;
/*!40101 SET character_set_client = @saved_cs_client */;

--
-- Dumping data for table `friendship_statuses`
--

LOCK TABLES `friendship_statuses` WRITE;
/*!40000 ALTER TABLE `friendship_statuses` DISABLE KEYS */;
INSERT INTO `friendship_statuses` VALUES (2,'Confirmed'),(3,'Rejected'),(1,'Requested');
/*!40000 ALTER TABLE `friendship_statuses` ENABLE KEYS */;
UNLOCK TABLES;

--
-- Table structure for table `media`
--

DROP TABLE IF EXISTS `media`;
/*!40101 SET @saved_cs_client     = @@character_set_client */;
/*!40101 SET character_set_client = utf8 */;
CREATE TABLE `media` (
  `id` int(10) unsigned NOT NULL AUTO_INCREMENT,
  `media_type_id` int(10) unsigned NOT NULL,
  `user_id` int(10) unsigned NOT NULL,
  `filename` varchar(255) COLLATE utf8_unicode_ci NOT NULL,
  `size` int(10) unsigned NOT NULL,
  `metadata` longtext CHARACTER SET utf8mb4 COLLATE utf8mb4_bin,
  `created_at` datetime DEFAULT CURRENT_TIMESTAMP,
  `updated_at` datetime DEFAULT CURRENT_TIMESTAMP ON UPDATE CURRENT_TIMESTAMP,
  PRIMARY KEY (`id`)
) ENGINE=InnoDB AUTO_INCREMENT=101 DEFAULT CHARSET=utf8 COLLATE=utf8_unicode_ci;
/*!40101 SET character_set_client = @saved_cs_client */;

--
-- Dumping data for table `media`
--

LOCK TABLES `media` WRITE;
/*!40000 ALTER TABLE `media` DISABLE KEYS */;
INSERT INTO `media` VALUES (1,3,12,'https://dropbox.com/vk/accusantium.avi',11702,'{\"owner\":\"Alayna Collier\"}','2002-08-19 15:41:18','2020-05-04 00:59:56'),(2,3,40,'https://dropbox.com/vk/aspernatur.png',253097,'{\"owner\":\"Maybelle O\'Kon\"}','1970-01-20 02:27:21','2020-05-04 00:59:56'),(3,2,66,'https://dropbox.com/vk/quia.jpeg',9878324,'{\"owner\":\"Stella Sawayn\"}','1972-04-27 04:38:10','2020-05-04 00:59:56'),(4,1,8,'https://dropbox.com/vk/nesciunt.jpeg',511572,'{\"owner\":\"Tess Deckow\"}','2019-06-09 11:42:16','2020-05-04 00:59:56'),(5,1,44,'https://dropbox.com/vk/nemo.jpeg',553789,'{\"owner\":\"Cassandra Herman\"}','1974-12-03 15:34:16','2020-05-04 00:59:56'),(6,3,92,'https://dropbox.com/vk/quam.mprg',1131625,'{\"owner\":\"Kameron Wehner\"}','1993-09-10 03:04:48','2020-05-04 00:59:56'),(7,2,28,'https://dropbox.com/vk/impedit.mprg',295492039,'{\"owner\":\"Donny Carroll\"}','1971-03-18 13:01:29','2020-05-04 00:59:56'),(8,2,63,'https://dropbox.com/vk/officia.png',84449829,'{\"owner\":\"Talon Hoppe\"}','2011-04-03 01:27:30','2020-05-04 00:59:56'),(9,2,31,'https://dropbox.com/vk/quis.mprg',66066,'{\"owner\":\"Antonia Ziemann\"}','1996-06-13 14:26:54','2020-05-04 00:59:56'),(10,3,65,'https://dropbox.com/vk/tempore.png',79578,'{\"owner\":\"Chadrick Feil\"}','2018-06-28 01:10:38','2020-05-04 00:59:56'),(11,1,34,'https://dropbox.com/vk/aut.avi',216929354,'{\"owner\":\"Annie Maggio\"}','1971-05-25 01:34:58','2020-05-04 00:59:56'),(12,1,72,'https://dropbox.com/vk/aut.jpeg',41108,'{\"owner\":\"Elwin Kreiger\"}','1996-03-01 09:15:15','2020-05-04 00:59:56'),(13,1,58,'https://dropbox.com/vk/quas.mprg',71953867,'{\"owner\":\"Archibald Cartwright\"}','1972-02-24 17:01:29','2020-05-04 00:59:56'),(14,3,72,'https://dropbox.com/vk/eaque.jpeg',4030,'{\"owner\":\"Elwin Kreiger\"}','1974-07-20 08:44:45','2020-05-04 00:59:56'),(15,1,85,'https://dropbox.com/vk/animi.avi',89825778,'{\"owner\":\"Cordell Emard\"}','2007-04-20 02:23:09','2020-05-04 00:59:56'),(16,1,10,'https://dropbox.com/vk/quisquam.avi',268536,'{\"owner\":\"Wilford Kreiger\"}','1970-10-30 05:45:02','2020-05-04 00:59:56'),(17,3,96,'https://dropbox.com/vk/est.avi',315670202,'{\"owner\":\"Clint Kunze\"}','1979-11-08 18:26:29','2020-05-04 00:59:56'),(18,1,46,'https://dropbox.com/vk/est.jpeg',9952,'{\"owner\":\"Jules Breitenberg\"}','1988-11-22 16:53:44','2020-05-04 00:59:56'),(19,1,45,'https://dropbox.com/vk/voluptas.jpeg',288461136,'{\"owner\":\"Verner Stracke\"}','1972-12-28 07:29:22','2020-05-04 00:59:56'),(20,2,83,'https://dropbox.com/vk/molestiae.jpeg',1695,'{\"owner\":\"Hertha Lubowitz\"}','2018-07-27 17:20:32','2020-05-04 00:59:56'),(21,1,82,'https://dropbox.com/vk/ut.jpeg',573388,'{\"owner\":\"Enoch Stiedemann\"}','1981-11-09 10:55:12','2020-05-04 00:59:56'),(22,2,58,'https://dropbox.com/vk/enim.jpeg',51332,'{\"owner\":\"Archibald Cartwright\"}','2017-12-25 19:34:30','2020-05-04 00:59:56'),(23,3,45,'https://dropbox.com/vk/vero.avi',4979,'{\"owner\":\"Verner Stracke\"}','1974-08-10 08:54:00','2020-05-04 00:59:56'),(24,1,49,'https://dropbox.com/vk/ipsam.png',526495,'{\"owner\":\"Noelia Beahan\"}','1970-04-28 00:04:18','2020-05-04 00:59:56'),(25,3,10,'https://dropbox.com/vk/reiciendis.avi',468482,'{\"owner\":\"Wilford Kreiger\"}','2016-06-16 00:33:49','2020-05-04 00:59:56'),(26,1,3,'https://dropbox.com/vk/in.jpeg',745503047,'{\"owner\":\"Marietta Schneider\"}','1978-11-05 17:05:07','2020-05-04 00:59:56'),(27,2,84,'https://dropbox.com/vk/tempora.mprg',862722057,'{\"owner\":\"Hortense Watsica\"}','1975-02-24 13:44:46','2020-05-04 00:59:56'),(28,2,12,'https://dropbox.com/vk/earum.avi',1554,'{\"owner\":\"Alayna Collier\"}','1979-02-26 03:08:11','2020-05-04 00:59:56'),(29,2,7,'https://dropbox.com/vk/tenetur.avi',752925,'{\"owner\":\"Kelton Klocko\"}','1972-12-17 16:47:54','2020-05-04 00:59:56'),(30,3,97,'https://dropbox.com/vk/ipsam.mprg',349180,'{\"owner\":\"Hassie Hauck\"}','1980-10-15 15:48:32','2020-05-04 00:59:56'),(31,3,65,'https://dropbox.com/vk/ut.avi',477125,'{\"owner\":\"Chadrick Feil\"}','1998-09-02 00:55:24','2020-05-04 00:59:56'),(32,1,34,'https://dropbox.com/vk/quia.avi',23696,'{\"owner\":\"Annie Maggio\"}','2000-05-02 20:11:09','2020-05-04 00:59:56'),(33,2,75,'https://dropbox.com/vk/nam.jpeg',683405,'{\"owner\":\"Jamey Heidenreich\"}','2010-07-25 22:01:54','2020-05-04 00:59:56'),(34,3,71,'https://dropbox.com/vk/illo.mprg',328084,'{\"owner\":\"Abe Koelpin\"}','1977-01-06 20:04:12','2020-05-04 00:59:56'),(35,2,29,'https://dropbox.com/vk/veritatis.jpeg',199048,'{\"owner\":\"Rebekah Collins\"}','1987-01-16 15:41:56','2020-05-04 00:59:56'),(36,3,31,'https://dropbox.com/vk/aut.png',1000989,'{\"owner\":\"Antonia Ziemann\"}','1978-10-25 21:02:28','2020-05-04 00:59:56'),(37,3,69,'https://dropbox.com/vk/sed.png',397800,'{\"owner\":\"Barrett Zboncak\"}','2018-09-02 20:29:01','2020-05-04 00:59:56'),(38,2,49,'https://dropbox.com/vk/perferendis.png',976035,'{\"owner\":\"Noelia Beahan\"}','2014-03-31 02:37:07','2020-05-04 00:59:56'),(39,2,39,'https://dropbox.com/vk/asperiores.jpeg',409059272,'{\"owner\":\"Jabari Bauch\"}','2013-09-08 19:08:19','2020-05-04 00:59:56'),(40,1,46,'https://dropbox.com/vk/eum.png',676776,'{\"owner\":\"Jules Breitenberg\"}','1973-03-29 23:54:55','2020-05-04 00:59:56'),(41,3,13,'https://dropbox.com/vk/hic.jpeg',445775,'{\"owner\":\"Esmeralda Okuneva\"}','1986-11-18 21:37:38','2020-05-04 00:59:56'),(42,2,28,'https://dropbox.com/vk/ut.avi',181188818,'{\"owner\":\"Donny Carroll\"}','1996-11-06 19:16:15','2020-05-04 00:59:56'),(43,1,98,'https://dropbox.com/vk/dolorem.jpeg',292375,'{\"owner\":\"Camron McKenzie\"}','1971-06-25 09:33:00','2020-05-04 00:59:56'),(44,3,7,'https://dropbox.com/vk/rem.png',164890,'{\"owner\":\"Kelton Klocko\"}','2009-07-17 11:39:24','2020-05-04 00:59:56'),(45,2,41,'https://dropbox.com/vk/consectetur.mprg',980041424,'{\"owner\":\"Gudrun Kohler\"}','1986-10-07 15:28:30','2020-05-04 00:59:56'),(46,3,84,'https://dropbox.com/vk/itaque.jpeg',188547,'{\"owner\":\"Hortense Watsica\"}','1982-04-03 14:55:14','2020-05-04 00:59:56'),(47,1,97,'https://dropbox.com/vk/corporis.jpeg',595412,'{\"owner\":\"Hassie Hauck\"}','2001-09-06 17:38:07','2020-05-04 00:59:56'),(48,3,31,'https://dropbox.com/vk/iste.jpeg',28433808,'{\"owner\":\"Antonia Ziemann\"}','2006-10-21 04:58:24','2020-05-04 00:59:56'),(49,2,65,'https://dropbox.com/vk/rerum.mprg',401417,'{\"owner\":\"Chadrick Feil\"}','1970-04-16 04:58:12','2020-05-04 00:59:56'),(50,3,30,'https://dropbox.com/vk/officia.png',210850,'{\"owner\":\"Jarrett Macejkovic\"}','1999-06-07 16:41:50','2020-05-04 00:59:56'),(51,1,57,'https://dropbox.com/vk/corrupti.avi',993695548,'{\"owner\":\"Rosella Romaguera\"}','1981-05-30 05:13:12','2020-05-04 00:59:56'),(52,3,93,'https://dropbox.com/vk/vel.png',840002,'{\"owner\":\"Ressie Cormier\"}','1976-08-29 15:34:57','2020-05-04 00:59:56'),(53,1,95,'https://dropbox.com/vk/laborum.png',557459,'{\"owner\":\"Carroll Mitchell\"}','1970-11-12 10:24:54','2020-05-04 00:59:56'),(54,1,93,'https://dropbox.com/vk/aperiam.avi',79647452,'{\"owner\":\"Ressie Cormier\"}','2017-03-11 09:50:14','2020-05-04 00:59:56'),(55,3,81,'https://dropbox.com/vk/sed.avi',16487,'{\"owner\":\"Andres Funk\"}','2013-11-09 14:00:54','2020-05-04 00:59:56'),(56,1,25,'https://dropbox.com/vk/maiores.jpeg',848808457,'{\"owner\":\"Mitchell Durgan\"}','1996-01-27 17:54:03','2020-05-04 00:59:56'),(57,3,80,'https://dropbox.com/vk/deserunt.jpeg',771862,'{\"owner\":\"Jaclyn Lowe\"}','1987-10-29 08:47:17','2020-05-04 00:59:56'),(58,3,26,'https://dropbox.com/vk/ut.avi',257290,'{\"owner\":\"Elmore Blanda\"}','1988-04-13 22:04:19','2020-05-04 00:59:56'),(59,3,88,'https://dropbox.com/vk/fugiat.mprg',604072,'{\"owner\":\"Mozell Crona\"}','2001-10-23 17:16:29','2020-05-04 00:59:56'),(60,2,62,'https://dropbox.com/vk/aut.jpeg',6711003,'{\"owner\":\"Lenore Roberts\"}','1988-01-16 23:24:57','2020-05-04 00:59:56'),(61,1,47,'https://dropbox.com/vk/accusamus.png',238490,'{\"owner\":\"Arden Kovacek\"}','1974-05-16 16:50:32','2020-05-04 00:59:56'),(62,3,49,'https://dropbox.com/vk/repellendus.png',15049309,'{\"owner\":\"Noelia Beahan\"}','1985-10-16 00:42:23','2020-05-04 00:59:56'),(63,3,5,'https://dropbox.com/vk/voluptas.png',370235,'{\"owner\":\"Keagan Upton\"}','2003-01-02 14:56:26','2020-05-04 00:59:56'),(64,1,74,'https://dropbox.com/vk/provident.avi',125708,'{\"owner\":\"Susanna Boyle\"}','2000-11-11 00:14:50','2020-05-04 00:59:56'),(65,2,56,'https://dropbox.com/vk/alias.mprg',507834,'{\"owner\":\"Estell Turner\"}','1983-10-03 18:02:39','2020-05-04 00:59:56'),(66,1,55,'https://dropbox.com/vk/reprehenderit.png',152046,'{\"owner\":\"Gayle Hickle\"}','2000-04-29 16:35:01','2020-05-04 00:59:56'),(67,3,9,'https://dropbox.com/vk/necessitatibus.png',226729,'{\"owner\":\"Cleta Bartoletti\"}','1986-02-23 05:54:49','2020-05-04 00:59:56'),(68,1,80,'https://dropbox.com/vk/et.jpeg',667507,'{\"owner\":\"Jaclyn Lowe\"}','1993-12-23 06:56:09','2020-05-04 00:59:56'),(69,1,72,'https://dropbox.com/vk/adipisci.jpeg',9342,'{\"owner\":\"Elwin Kreiger\"}','1982-06-11 08:24:23','2020-05-04 00:59:56'),(70,1,19,'https://dropbox.com/vk/autem.jpeg',6433,'{\"owner\":\"Elroy Streich\"}','2015-10-09 22:46:40','2020-05-04 00:59:56'),(71,3,78,'https://dropbox.com/vk/quos.mprg',204590,'{\"owner\":\"Freddie Turner\"}','1991-11-29 02:33:39','2020-05-04 00:59:56'),(72,2,32,'https://dropbox.com/vk/est.avi',647350,'{\"owner\":\"Omer Larson\"}','1972-12-08 06:07:37','2020-05-04 00:59:56'),(73,3,27,'https://dropbox.com/vk/aut.jpeg',224227,'{\"owner\":\"Bridget Gaylord\"}','1978-11-15 13:27:57','2020-05-04 00:59:56'),(74,1,38,'https://dropbox.com/vk/ut.jpeg',169085,'{\"owner\":\"Blaze Effertz\"}','2003-06-20 17:37:35','2020-05-04 00:59:56'),(75,1,9,'https://dropbox.com/vk/dolores.png',162747,'{\"owner\":\"Cleta Bartoletti\"}','1982-08-31 19:52:22','2020-05-04 00:59:56'),(76,2,30,'https://dropbox.com/vk/omnis.png',564682410,'{\"owner\":\"Jarrett Macejkovic\"}','1974-03-11 06:39:37','2020-05-04 00:59:56'),(77,1,22,'https://dropbox.com/vk/enim.jpeg',296481,'{\"owner\":\"Chester Oberbrunner\"}','1983-07-24 23:11:44','2020-05-04 00:59:56'),(78,2,18,'https://dropbox.com/vk/voluptatem.jpeg',7113754,'{\"owner\":\"Koby Hammes\"}','2019-12-18 12:17:09','2020-05-04 00:59:56'),(79,2,25,'https://dropbox.com/vk/qui.mprg',984165,'{\"owner\":\"Mitchell Durgan\"}','2001-04-10 09:13:21','2020-05-04 00:59:56'),(80,3,69,'https://dropbox.com/vk/repellendus.avi',96393,'{\"owner\":\"Barrett Zboncak\"}','2020-01-14 09:10:55','2020-05-04 00:59:56'),(81,2,70,'https://dropbox.com/vk/numquam.jpeg',21380,'{\"owner\":\"Alf Schiller\"}','2002-11-12 09:25:47','2020-05-04 00:59:56'),(82,3,44,'https://dropbox.com/vk/cupiditate.png',12300964,'{\"owner\":\"Cassandra Herman\"}','1981-03-07 11:55:07','2020-05-04 00:59:56'),(83,2,11,'https://dropbox.com/vk/sint.png',144406,'{\"owner\":\"Javon Veum\"}','1993-08-28 21:35:54','2020-05-04 00:59:56'),(84,2,20,'https://dropbox.com/vk/officiis.png',647891,'{\"owner\":\"Pearlie Klocko\"}','1998-12-28 20:29:21','2020-05-04 00:59:56'),(85,2,66,'https://dropbox.com/vk/vel.png',214239,'{\"owner\":\"Stella Sawayn\"}','1999-07-28 19:11:06','2020-05-04 00:59:56'),(86,1,70,'https://dropbox.com/vk/est.jpeg',624372,'{\"owner\":\"Alf Schiller\"}','2005-12-03 03:07:20','2020-05-04 00:59:56'),(87,3,52,'https://dropbox.com/vk/facilis.png',91624301,'{\"owner\":\"Ross Volkman\"}','1974-03-13 04:11:37','2020-05-04 00:59:56'),(88,2,49,'https://dropbox.com/vk/laudantium.avi',519580603,'{\"owner\":\"Noelia Beahan\"}','1970-07-28 13:04:55','2020-05-04 00:59:56'),(89,3,89,'https://dropbox.com/vk/sed.png',137033753,'{\"owner\":\"Jairo Schultz\"}','2008-10-25 13:48:22','2020-05-04 00:59:56'),(90,3,96,'https://dropbox.com/vk/consequatur.png',796238,'{\"owner\":\"Clint Kunze\"}','2020-04-30 19:59:51','2020-05-04 00:59:56'),(91,1,14,'https://dropbox.com/vk/molestias.jpeg',27516,'{\"owner\":\"Walker Brown\"}','2003-07-06 18:53:12','2020-05-04 00:59:56'),(92,2,82,'https://dropbox.com/vk/dicta.png',835651739,'{\"owner\":\"Enoch Stiedemann\"}','1978-06-20 00:30:17','2020-05-04 00:59:56'),(93,2,67,'https://dropbox.com/vk/recusandae.png',738869,'{\"owner\":\"Roman Denesik\"}','1975-11-30 18:24:49','2020-05-04 00:59:56'),(94,2,87,'https://dropbox.com/vk/dignissimos.avi',601798,'{\"owner\":\"Pansy Swaniawski\"}','1994-12-11 03:18:44','2020-05-04 00:59:56'),(95,3,35,'https://dropbox.com/vk/voluptatem.jpeg',42419,'{\"owner\":\"Judson Larkin\"}','1995-06-23 12:19:42','2020-05-04 00:59:56'),(96,3,12,'https://dropbox.com/vk/soluta.png',782381,'{\"owner\":\"Alayna Collier\"}','1996-06-11 02:57:34','2020-05-04 00:59:56'),(97,3,56,'https://dropbox.com/vk/placeat.mprg',96511,'{\"owner\":\"Estell Turner\"}','1986-11-09 01:28:58','2020-05-04 00:59:56'),(98,2,41,'https://dropbox.com/vk/voluptatem.mprg',3443,'{\"owner\":\"Gudrun Kohler\"}','1981-10-26 06:36:20','2020-05-04 00:59:56'),(99,3,39,'https://dropbox.com/vk/architecto.jpeg',125415,'{\"owner\":\"Jabari Bauch\"}','2002-04-20 06:52:13','2020-05-04 00:59:56'),(100,3,71,'https://dropbox.com/vk/eum.jpeg',625874,'{\"owner\":\"Abe Koelpin\"}','2003-08-07 05:52:01','2020-05-04 00:59:56');
/*!40000 ALTER TABLE `media` ENABLE KEYS */;
UNLOCK TABLES;

--
-- Table structure for table `media_types`
--

DROP TABLE IF EXISTS `media_types`;
/*!40101 SET @saved_cs_client     = @@character_set_client */;
/*!40101 SET character_set_client = utf8 */;
CREATE TABLE `media_types` (
  `id` int(10) unsigned NOT NULL AUTO_INCREMENT,
  `name` varchar(255) COLLATE utf8_unicode_ci NOT NULL,
  PRIMARY KEY (`id`),
  UNIQUE KEY `name` (`name`)
) ENGINE=InnoDB AUTO_INCREMENT=4 DEFAULT CHARSET=utf8 COLLATE=utf8_unicode_ci;
/*!40101 SET character_set_client = @saved_cs_client */;

--
-- Dumping data for table `media_types`
--

LOCK TABLES `media_types` WRITE;
/*!40000 ALTER TABLE `media_types` DISABLE KEYS */;
INSERT INTO `media_types` VALUES (3,'audio'),(1,'photo'),(2,'video');
/*!40000 ALTER TABLE `media_types` ENABLE KEYS */;
UNLOCK TABLES;

--
-- Table structure for table `messages`
--

DROP TABLE IF EXISTS `messages`;
/*!40101 SET @saved_cs_client     = @@character_set_client */;
/*!40101 SET character_set_client = utf8 */;
CREATE TABLE `messages` (
  `id` int(10) unsigned NOT NULL AUTO_INCREMENT,
  `from_user_id` int(10) unsigned NOT NULL,
  `to_user_id` int(10) unsigned DEFAULT NULL,
  `community_id` int(10) unsigned DEFAULT NULL,
  `body` text COLLATE utf8_unicode_ci NOT NULL,
  `is_important` tinyint(1) DEFAULT NULL,
  `is_delivered` tinyint(1) DEFAULT NULL,
  `created_at` datetime DEFAULT CURRENT_TIMESTAMP,
  PRIMARY KEY (`id`)
) ENGINE=InnoDB AUTO_INCREMENT=102 DEFAULT CHARSET=utf8 COLLATE=utf8_unicode_ci;
/*!40101 SET character_set_client = @saved_cs_client */;

--
-- Dumping data for table `messages`
--

LOCK TABLES `messages` WRITE;
/*!40000 ALTER TABLE `messages` DISABLE KEYS */;
INSERT INTO `messages` VALUES (1,22,100,1,'Fugit omnis nulla impedit natus aut velit in. Et eligendi est ab doloremque excepturi nam. Iste iste deleniti et sunt fugiat asperiores iste rem.',1,0,'1975-10-25 02:59:53'),(2,32,60,2,'Enim ratione tempore dolorem. Quo consequatur iure et autem et. Totam eos quasi ea illo dicta.',0,0,'2008-12-26 19:03:56'),(3,4,38,3,'Aspernatur vel dolores non perspiciatis. Debitis quam voluptas officiis sed inventore quia perspiciatis. Reprehenderit velit non officia repellendus. Recusandae earum nostrum quas pariatur et architecto excepturi.',1,1,'2011-06-08 06:47:07'),(4,80,84,4,'Consequuntur est et cumque incidunt qui veritatis tempora. Aut eum veniam unde saepe tempore. Et dolore consequatur molestiae non voluptatibus.',0,0,'1984-11-12 02:10:49'),(5,79,42,5,'Expedita est harum dolorum voluptas repellat fugiat. Et autem ut praesentium nihil. Nihil aut nesciunt velit corrupti officia accusamus.',1,0,'2005-07-17 23:22:17'),(6,71,32,6,'Accusamus tempora beatae ducimus aliquam. Minima nihil dolore sint quia excepturi. Cumque suscipit aliquam dolor corrupti ut corporis labore. Tempora architecto sint ducimus.',1,0,'1983-03-18 15:20:32'),(7,45,27,7,'Consequatur aut voluptatem placeat vero. Assumenda autem et ad corporis asperiores consequatur eligendi. Est maiores modi quaerat vero doloribus vero labore deserunt. Error eum autem natus.',0,1,'2012-11-17 16:44:20'),(8,100,17,8,'Ad qui totam repellendus non rerum libero. Et doloremque asperiores iste nostrum et harum sed voluptates. Cupiditate quis ut veritatis dolorum excepturi repellendus consequatur. Harum dolorem ducimus aliquam inventore.',0,1,'2019-08-20 11:53:36'),(9,86,80,9,'Et nisi vitae quae itaque error. Sed molestias consequatur animi est rem qui incidunt. Molestiae ex magnam quis reprehenderit et et voluptas. Dicta voluptates reiciendis aut eos nemo aut.',0,0,'1996-09-22 19:54:05'),(10,40,61,10,'Corrupti et aliquid odit quas enim non. Dolores aut et ullam numquam. Hic pariatur doloremque repellendus.',0,0,'1999-03-07 07:32:18'),(11,84,37,11,'Voluptate occaecati quasi praesentium ea velit. Voluptas vitae voluptatibus perspiciatis fugiat. Quas esse sint nobis sed.',0,1,'1977-06-26 16:19:39'),(12,30,40,12,'Et delectus rem repudiandae rerum. Quas aut vero eos placeat fuga aut atque. Blanditiis ut non cum eos voluptates.',0,0,'1989-10-01 00:37:13'),(13,11,33,13,'Corrupti dolorem veritatis dolorem odit. Omnis odio deserunt occaecati fugit dolorem. Id rerum expedita porro est error. Ut necessitatibus debitis vero velit debitis qui nam itaque.',1,0,'1980-09-25 20:48:47'),(14,32,62,14,'Dolore fuga labore porro ea incidunt est dolorum. Facilis est incidunt nemo modi sunt veniam. Quia cumque ratione officia est commodi nisi nihil. Animi totam quas quam dolor.',0,1,'1995-02-21 15:41:04'),(15,13,76,15,'Animi nulla ea non cupiditate numquam expedita. Enim doloribus officia non. Incidunt porro autem possimus voluptatem. Qui ipsum recusandae enim ad.',1,0,'1979-02-28 23:28:31'),(16,42,82,16,'Sint quo beatae officia deserunt quasi omnis. Est nihil optio voluptatibus aut modi sed. Debitis repellat reprehenderit repellat autem consectetur ut excepturi tenetur. Et qui rerum blanditiis est ut nobis deleniti dolores.',1,0,'1970-04-01 17:08:09'),(17,82,66,17,'Eum itaque ut tempore. Sint voluptatibus aut minus molestiae officia accusamus ullam. Sequi ut nesciunt sunt. Sunt eaque enim harum in eveniet voluptas atque.',1,1,'1981-06-11 15:02:06'),(18,82,13,18,'Quo qui consequuntur facere. Qui itaque nemo mollitia blanditiis. Laudantium et animi repellendus. Sed et porro perferendis dolore quaerat a.',0,0,'2005-09-16 15:32:44'),(19,19,53,19,'Enim sint aut perferendis et tempora dicta. Quis sit voluptates pariatur ut ut vero quae. Libero cumque sit dolore nihil.',0,1,'2009-03-05 00:17:38'),(20,7,75,20,'Cumque sit ex quasi expedita. Ab cum aliquid non inventore itaque perspiciatis veniam dolores. Id molestiae omnis ex vitae velit. Repudiandae nobis et est beatae aliquid.',1,0,'1976-12-23 04:51:22'),(21,53,41,21,'Illum consequatur maiores laboriosam et. Occaecati quia accusantium molestiae ipsa unde iure. Enim minus reprehenderit omnis dolorem. Omnis sed perspiciatis omnis harum eveniet voluptatum praesentium eaque.',0,1,'2001-12-25 21:34:06'),(22,44,98,22,'Eveniet modi aspernatur officiis quis velit nobis quia nihil. Voluptatum rerum nulla debitis. Nisi quisquam labore autem nesciunt.',1,0,'1990-05-04 05:08:29'),(23,55,82,23,'Doloremque aut vel repudiandae placeat aliquam. Expedita dolorum nisi nisi doloribus. Corporis quia nulla officiis in id ipsum eos.',0,1,'1988-01-02 18:28:19'),(24,45,76,24,'Eligendi eveniet nam vel soluta deserunt deserunt accusamus. Ex quia qui molestiae molestiae laudantium deleniti vel. Nostrum consectetur sit sit eius consequatur qui molestiae. Omnis asperiores tenetur est eius. Tempora repellendus et magnam quae.',0,1,'1994-05-15 15:14:11'),(25,48,11,25,'Occaecati aut ut vel debitis. Minima et vel omnis esse. Eius aliquam animi accusantium rem eligendi est temporibus.',1,1,'1996-11-21 07:23:14'),(26,8,8,26,'Labore et aut aut dolor. Tenetur rem libero at sunt et. Aperiam dolorum enim quia qui. Enim voluptatibus aut rerum consequatur.',1,1,'1977-12-21 11:09:32'),(27,14,48,27,'Mollitia accusamus aut sint doloremque consequatur qui iure. Excepturi voluptas aut non aut nobis necessitatibus architecto. Officia odio officia corporis dicta mollitia eos autem. Voluptas placeat quos maxime dolorem facilis et.',0,0,'1995-08-19 00:16:28'),(28,96,36,28,'Autem doloremque illum repudiandae et velit ad quas. A unde autem ut quod dicta sint saepe. Rem maiores unde est et assumenda corporis. Sit quasi sequi ducimus enim velit.',0,1,'2004-08-19 01:49:27'),(29,93,54,29,'Sit et autem iusto sit dignissimos autem et molestias. Velit sint provident qui sed quis non. Non ut ut eligendi nihil qui expedita voluptatem est.',0,1,'1970-08-29 10:39:49'),(30,91,91,30,'Possimus deserunt ut voluptas. Ullam ratione est occaecati dolores et illum. Id culpa repellat laudantium autem quibusdam porro. Dolor aut eius id sint cumque dolores.',0,1,'1996-06-02 23:47:13'),(31,83,40,31,'Facilis et quis iure dolores. Laudantium a ea vel qui.',0,1,'2015-05-10 12:13:37'),(32,52,40,32,'Dolor est pariatur quisquam rem excepturi. Quia voluptatibus eos id consequuntur. Quaerat libero distinctio repellat numquam veritatis soluta. Voluptatibus ea magni et perferendis aut et.',1,0,'1993-10-06 22:00:26'),(33,44,99,33,'Quis reiciendis non aut nobis quos neque unde. Eaque cupiditate dignissimos et officiis impedit quam possimus. Optio veritatis quod sed enim similique laboriosam. Dolores mollitia voluptatibus qui nostrum vel.',1,0,'1999-01-02 04:32:28'),(34,62,12,34,'Rerum iste temporibus aliquam dolorum rem cumque. Minima quaerat rem assumenda atque quia.',1,0,'2003-01-12 22:37:46'),(35,73,30,35,'Exercitationem provident est consequatur deleniti. Blanditiis id laboriosam non atque officiis. Possimus exercitationem et magni saepe sapiente libero error. In excepturi odio similique laudantium.',1,0,'1975-03-15 04:47:20'),(36,32,67,36,'Nihil eligendi debitis distinctio tempore et est aperiam. Aliquid quis itaque voluptate. Et at corrupti quibusdam sunt sed ad. Assumenda architecto temporibus voluptatem maxime incidunt excepturi.',1,0,'1978-11-19 14:06:05'),(37,41,1,37,'Deserunt ut ut aut consequatur. Fugiat alias accusamus expedita et sunt corporis dolore. Dolorem dicta similique mollitia ut. Expedita veritatis et sapiente dolorem eius consectetur.',1,1,'1991-09-17 15:40:41'),(38,84,16,38,'Earum hic amet cumque quia hic assumenda nemo. Vero dolor alias itaque ut. Aliquam ut molestiae repudiandae adipisci distinctio omnis.',1,0,'1972-06-27 08:25:30'),(39,28,89,39,'Asperiores reprehenderit dolores dignissimos ratione inventore aut quidem dignissimos. Et ullam omnis nesciunt ea. Qui eos perspiciatis quia ut placeat velit. Et quam voluptas odio blanditiis explicabo voluptatem. Ut voluptatem vero provident repellat exercitationem assumenda.',0,1,'1985-05-07 13:29:54'),(40,63,47,40,'Et enim blanditiis similique est est quis iste. Veritatis qui et sit nulla sunt. Quis dolorem iure error eum et dolor quod.',1,0,'1979-02-07 03:16:52'),(41,45,85,41,'Sit tempore eligendi cupiditate velit numquam. Molestiae beatae non sit corporis harum aut molestiae et. Quis commodi tenetur nobis architecto.',0,1,'1999-07-12 01:47:26'),(42,90,94,42,'Alias temporibus sunt beatae et quo rerum at. Iure facere voluptas ut ut aut. Quam minus velit placeat ut velit autem.',1,1,'2004-12-05 07:59:17'),(43,100,17,43,'Ab dolorum totam laborum est. Sint et itaque vel tenetur. Et asperiores ab quidem perspiciatis eaque quo dolorem.',1,0,'2000-02-13 05:23:00'),(44,84,68,44,'Et quia rerum sint facere est ad delectus quas. Rerum et at eaque ipsam omnis quo velit. Exercitationem et nulla ratione ea est tempore repudiandae alias.',1,1,'2016-09-16 14:57:03'),(45,87,31,45,'Autem quibusdam qui necessitatibus. Autem magni quaerat exercitationem quia veniam officia quisquam nobis. Sequi et dolores suscipit nulla. Quis quisquam numquam est qui.',1,0,'1995-06-19 21:50:33'),(46,95,81,46,'Minus nulla aliquam consequatur. Beatae quia quaerat maiores officia sint eius quo qui. Dolor nihil possimus sed.',0,0,'2002-01-21 09:46:52'),(47,20,56,47,'Earum ut quibusdam facere sapiente sit dolorem dolor. Esse enim ut ut et sed veniam. Est dolores libero alias corrupti rerum non. Rerum laudantium porro alias eligendi.',1,0,'1986-02-21 13:03:54'),(48,19,25,48,'Debitis ipsam explicabo aliquam. Rerum laudantium ipsam repellat non sequi.',0,1,'1979-03-08 08:46:46'),(49,70,75,49,'Blanditiis et sequi qui et nobis dolorem. Veritatis nihil doloribus fuga. Alias nobis neque officia aut officia quia molestiae. Repellat ut beatae optio.',0,1,'1979-09-02 22:15:28'),(50,65,100,50,'Autem dolor sint repudiandae quibusdam earum provident vel. Dolores deserunt mollitia qui aut non sit id. Illum enim vel eum quis iure aperiam ad. Beatae et harum saepe perspiciatis eius.',0,1,'2003-06-18 01:56:45'),(51,3,14,51,'Est est dolores dolorum est error tenetur similique. Eum nisi voluptas quo error. Est amet ipsam sequi repudiandae fugiat et. Et sequi atque iusto perferendis aut eveniet earum.',1,0,'2001-11-29 16:18:03'),(52,61,63,52,'Vel dolore ea error aut. Accusamus voluptas nam itaque velit vel molestiae placeat in. In quasi est quia consequuntur ea culpa cum. Non itaque dolor nisi aut autem placeat.',1,1,'1970-08-13 19:04:04'),(53,32,70,53,'Doloribus eum recusandae incidunt non quod. Aperiam quisquam ut cupiditate quos tenetur exercitationem et. Blanditiis in quas quia facere eum. Voluptas saepe ut non enim ducimus aliquid.',1,0,'2018-06-17 03:20:54'),(54,52,52,54,'Et officiis voluptate saepe dignissimos laborum nihil vitae vero. Voluptatibus id molestias eaque omnis quod tenetur rerum. Nisi sit voluptatem dicta quod. Voluptas sit sit iusto.',0,1,'1997-11-02 15:58:06'),(55,2,55,55,'Est esse ratione rerum. Fugiat laboriosam et dolor id qui unde ipsam. Numquam dolorem sapiente aut alias sint animi. Reprehenderit accusamus cum excepturi rerum in aut eveniet.',1,0,'2010-03-10 04:42:56'),(56,67,68,56,'Officiis dignissimos nemo omnis quidem omnis. Animi eligendi praesentium nulla rerum. Et quasi provident est aperiam.',1,1,'1971-07-03 13:16:56'),(57,40,96,57,'Aut sint sunt mollitia quia enim quibusdam culpa ea. Aspernatur ad aut dolores voluptatibus eius nobis. Quia temporibus recusandae fugit sit doloremque.',1,1,'1979-11-16 01:18:12'),(58,58,1,58,'Voluptas reiciendis quam ea ducimus sequi quaerat. Esse minus ab nemo voluptas soluta. Commodi aut numquam et laudantium minima id voluptatibus. Sed reiciendis fugit voluptate.',1,0,'1979-02-15 18:12:26'),(59,30,46,59,'Doloribus saepe optio laudantium et dignissimos ut. Consectetur aut est assumenda voluptatibus culpa blanditiis mollitia velit. Qui expedita eius incidunt in in.',0,1,'1978-09-28 00:49:16'),(60,42,72,60,'Nisi ipsum explicabo nisi illum doloribus. Magnam minima eius ad deleniti. Architecto laboriosam voluptatibus porro laudantium eaque dolores.',0,0,'1988-08-26 23:00:12'),(61,32,42,61,'Eveniet voluptatem commodi tenetur saepe corrupti voluptates optio. Distinctio delectus reprehenderit aut aut maxime cum est. Quis ullam sed maxime fuga.',0,1,'2006-06-21 23:41:22'),(62,16,51,62,'Aut quaerat dolor qui dolore minus ut. Quia quod repellat ab eum.',0,0,'1993-02-14 22:15:39'),(63,8,86,63,'Harum hic sed deserunt at iusto aspernatur consequuntur. Doloribus aliquam modi expedita doloribus nesciunt fugiat. Ullam ab consequatur nemo nemo in facere et dolor.',1,1,'2007-11-30 02:06:50'),(64,5,69,64,'Inventore cum sint et et. Consequuntur ratione eos earum eaque est soluta. Amet magnam in accusantium quia unde.',0,1,'1993-12-19 07:08:32'),(65,28,34,65,'Ipsa a laboriosam earum. Illo et commodi ea recusandae eum.',1,1,'1995-01-04 03:19:31'),(66,83,15,66,'Ea eligendi sunt repellat magnam id. Est est qui laboriosam vero quibusdam impedit quia. Tenetur beatae excepturi aut facilis enim occaecati.',0,1,'2011-09-09 15:29:46'),(67,23,71,67,'Asperiores et dolor ducimus voluptas aliquam fuga dolore. Id corporis qui aspernatur nulla.',1,0,'2016-10-11 03:07:17'),(68,86,17,68,'Beatae et sapiente facere quibusdam. Error qui sit doloremque sit impedit. Sit reiciendis excepturi at quia cum sit eaque alias.',0,1,'1974-03-21 22:04:39'),(69,24,69,69,'Corrupti est autem suscipit qui. Provident error odio quis in eveniet non et. Fugiat accusantium est dignissimos modi dolorum voluptatibus quas iure. Consequatur id sed dolores adipisci dignissimos.',1,0,'1995-09-28 21:12:20'),(70,72,55,70,'Similique tempore incidunt sint sit et id modi. Odit quod non ipsam et natus.',1,1,'1982-10-28 15:33:25'),(71,58,25,71,'Commodi voluptatum ab odit nemo. Reiciendis blanditiis omnis voluptatem. Sint voluptatem voluptatem dolor aut aperiam. Repellendus beatae recusandae omnis.',1,0,'2014-08-02 03:17:07'),(72,52,82,72,'Et unde ut veniam assumenda dolorum deserunt. Quae quasi omnis porro itaque necessitatibus ea aspernatur pariatur. Pariatur quia blanditiis aut commodi ipsam labore.',0,1,'1984-10-27 07:43:40'),(73,52,16,73,'Similique eligendi expedita cumque quia vel porro. Ut optio sint rem. Officiis tempora illo dolor sunt fugit odio.',0,0,'1993-11-19 14:47:10'),(74,22,63,74,'Accusantium tempora dolores eos dicta sed eius. Nulla hic laboriosam quia eligendi enim placeat quia. Nisi nihil eius magnam blanditiis quos quae officiis fugiat.',1,0,'1971-08-20 14:36:14'),(75,49,56,75,'Praesentium qui laborum blanditiis asperiores qui est quo. Voluptates cumque alias nisi temporibus ut vero. Corporis ut accusamus dolores qui consequatur cum. Consequatur nisi nam quae quis et amet voluptates. Esse eius dolorem error reiciendis omnis sed.',1,1,'2006-01-16 13:39:01'),(76,32,90,76,'Quisquam dolore ab tempora ducimus debitis dolor ut. Fugiat ut quis vel sequi iste rerum culpa. Accusantium distinctio totam et sint.',1,1,'1988-01-02 04:37:13'),(77,54,99,77,'Quia suscipit expedita illo aut distinctio molestiae. Adipisci et beatae assumenda aut velit ut consectetur. Quas sed culpa id et. Non et omnis consequatur in numquam.',0,1,'2001-05-26 12:08:48'),(78,31,60,78,'Quaerat porro doloribus cum quia consectetur consequuntur fuga. Sit molestiae eos ipsa totam est repellat. Soluta blanditiis dolores quidem placeat. Ex non in impedit sit in dicta nemo vel. Occaecati perspiciatis autem commodi magnam ut sunt.',0,0,'1977-03-27 11:52:52'),(79,4,43,79,'Molestiae excepturi sunt asperiores enim repudiandae aut omnis. Laborum officia qui consequatur facere debitis optio aperiam. Sit temporibus voluptatem corrupti quo modi. Numquam dolorum veniam sint debitis quam.',1,0,'1972-05-17 07:45:58'),(80,100,70,80,'Enim et nisi similique veritatis non hic dolorum. Perferendis est cumque placeat rerum nulla nihil beatae. Omnis omnis maiores necessitatibus ipsum voluptatibus reiciendis voluptatibus perferendis. Nihil non qui esse quaerat quo et nemo tenetur. Hic laborum laboriosam voluptatem.',0,1,'1992-10-05 08:08:06'),(81,52,48,81,'Fugit fuga a similique commodi. Eum animi iure ipsum velit quidem fuga. Dolor quo tempore sunt adipisci aut ea vitae.',0,1,'2016-02-09 05:04:51'),(82,83,73,82,'Omnis quo sit excepturi quo. Quia cumque incidunt atque placeat molestiae consequatur. Qui molestiae mollitia molestiae quam. Molestias nihil voluptatem mollitia voluptatibus placeat.',1,1,'1982-11-08 10:16:33'),(83,14,51,83,'Hic reiciendis amet doloribus et voluptatem. Qui velit delectus aspernatur. Occaecati rerum itaque fugiat aut voluptate expedita. Et fuga eum natus.',0,0,'1992-08-14 01:16:07'),(84,13,11,84,'Ipsam non aut et ipsam earum eius accusamus. Excepturi vel aliquid saepe consectetur repellat inventore. Quae placeat facere consequatur ut sint qui in cum. Aut ea aliquid aut sit assumenda.',1,1,'2019-06-18 19:30:33'),(85,14,39,85,'Et dignissimos eligendi qui earum labore. Quia in quam exercitationem non. Maxime quis sit doloremque recusandae in voluptatum aut.',0,0,'1977-04-02 21:43:26'),(86,52,43,86,'Et aperiam eligendi molestias voluptatem rerum animi et. Et molestias a sequi nisi sed. Est autem et architecto sapiente exercitationem.',0,0,'1977-11-15 15:46:35'),(87,56,53,87,'Sunt alias aperiam dolorem et sint magnam voluptas nulla. Provident sunt ab temporibus perspiciatis ex quo eius in. Enim qui omnis illo accusamus et dolorem architecto occaecati. Ab quam cum omnis sed quia harum ut.',1,0,'2011-11-05 05:08:17'),(88,97,24,88,'At accusantium illum alias necessitatibus illum debitis. Harum aut ut nesciunt quis ex. Nesciunt est iusto velit animi quasi. Voluptas unde ea est.',1,0,'1995-09-18 16:01:59'),(89,27,64,89,'Adipisci omnis ad eius iste eveniet qui omnis. Non ducimus id error. Explicabo voluptate molestias qui ut illo quos dolores. Libero alias qui voluptas laboriosam perferendis.',0,1,'1997-12-25 00:48:47'),(90,38,99,90,'Praesentium aut consequatur asperiores est rem magnam beatae. Maiores consequatur cupiditate consequatur eligendi. Sed est voluptatibus voluptatibus minus et. Odio architecto voluptatem eius et et dolores eos.',0,1,'1990-01-27 17:36:48'),(91,80,4,91,'Incidunt nulla optio animi occaecati iste impedit neque. Sed atque illo mollitia voluptatibus atque iste. Eum consequatur voluptatem est dolorem at. Doloribus et pariatur aliquam nam qui repellat officia.',0,1,'2020-04-08 00:29:26'),(92,77,72,92,'Quis rerum tempora hic minima repellendus quis. Placeat fuga quam possimus qui. Natus ipsa quis ea aut. Consequatur quaerat accusantium sint magni perferendis.',1,0,'2005-09-18 20:49:58'),(93,29,27,93,'Odio nesciunt voluptatem quo inventore qui facere. Magnam explicabo illo aut eius culpa tenetur. Et corporis cupiditate accusantium consequuntur cupiditate quidem aliquid illum. Quia sint eum voluptatem itaque officia tenetur magnam nemo.',0,1,'1999-09-28 19:33:19'),(94,50,66,94,'Ad alias a animi autem enim rerum. Culpa ut rerum minus quo. Soluta sunt architecto voluptas veritatis esse. Et veniam et sit eos.',0,0,'2018-07-31 11:08:14'),(95,82,10,95,'Eos et alias temporibus deleniti quas. Dolorum officiis beatae cupiditate totam repudiandae. Voluptas velit culpa accusantium dolore.',0,1,'2004-11-28 12:45:18'),(96,6,97,96,'Voluptas quae sunt non illo qui ea dolorem. Qui laborum hic iusto et velit voluptates natus. Nisi at consectetur voluptatem quibusdam quis quaerat.',0,0,'1981-07-06 02:13:32'),(97,67,44,97,'Aut in ut qui velit facere dignissimos ut. Vitae molestiae aspernatur aut ut et. Quae possimus magni alias impedit omnis pariatur doloremque. Quos dicta qui quisquam consequuntur.',0,0,'1980-10-02 10:16:31'),(98,16,51,98,'Aliquam vero delectus iusto omnis. Fugiat aliquam et et ea quia magni aliquam. Nihil impedit placeat molestias. Quisquam quis et voluptatum ullam.',1,1,'1972-11-26 01:07:17'),(99,5,70,99,'Dignissimos consequuntur eum laboriosam perferendis eaque exercitationem possimus. Nam quia expedita deserunt voluptatem nihil doloribus. Voluptatem dolorum numquam asperiores et. Et rerum aliquid dolores et culpa omnis modi.',1,1,'1987-07-04 15:29:03');
/*!40000 ALTER TABLE `messages` ENABLE KEYS */;
UNLOCK TABLES;

--
-- Table structure for table `profiles`
--

DROP TABLE IF EXISTS `profiles`;
/*!40101 SET @saved_cs_client     = @@character_set_client */;
/*!40101 SET character_set_client = utf8 */;
CREATE TABLE `profiles` (
  `user_id` int(10) unsigned NOT NULL,
  `gender` char(1) COLLATE utf8_unicode_ci NOT NULL,
  `birthday` date DEFAULT NULL,
  `city` varchar(100) COLLATE utf8_unicode_ci DEFAULT NULL,
  `country` varchar(100) COLLATE utf8_unicode_ci DEFAULT NULL,
  `photo_id` int(10) unsigned DEFAULT NULL,
  PRIMARY KEY (`user_id`)
) ENGINE=InnoDB DEFAULT CHARSET=utf8 COLLATE=utf8_unicode_ci;
/*!40101 SET character_set_client = @saved_cs_client */;

--
-- Dumping data for table `profiles`
--

LOCK TABLES `profiles` WRITE;
/*!40000 ALTER TABLE `profiles` DISABLE KEYS */;
INSERT INTO `profiles` VALUES (1,'f','2014-02-28','Reagantown','similique',NULL),(2,'m','1970-01-28','Lake Hoytfurt','fugit',NULL),(3,'f','1978-11-14','Lake Martine','doloremque',NULL),(4,'m','2006-04-22','Croninburgh','fugit',NULL),(5,'f','1996-10-26','Lake Lily','blanditiis',NULL),(6,'f','1971-09-05','East Anabelberg','architecto',NULL),(7,'f','1988-01-13','South Gregg','corrupti',NULL),(8,'f','2008-03-12','Arnulfoburgh','in',NULL),(9,'m','1998-06-09','Deestad','eligendi',NULL),(10,'m','1971-04-12','Port Antoinette','magnam',NULL),(11,'f','1980-04-19','East Cornell','esse',NULL),(12,'m','1992-07-15','Montanaside','nulla',NULL),(13,'m','1998-03-30','Schadenmouth','veritatis',NULL),(14,'f','1987-02-09','Port Clairland','nobis',NULL),(15,'f','2007-11-26','New Annamariehaven','minima',NULL),(16,'m','2012-12-30','Dylanton','aliquam',NULL),(17,'f','2015-08-11','New D\'angelo','odit',NULL),(18,'f','1974-02-20','McCulloughmouth','accusamus',NULL),(19,'f','1996-11-22','Maritzaton','ut',NULL),(20,'m','2006-08-02','Annalisetown','atque',NULL),(21,'f','1977-12-20','Christianafurt','totam',NULL),(22,'m','1990-07-23','Klingfort','ut',NULL),(23,'m','1972-02-15','Port Danielle','commodi',NULL),(24,'f','1990-07-03','East Ethel','in',NULL),(25,'m','2005-06-01','Haagbury','nulla',NULL),(26,'m','1990-12-06','North Reanna','nihil',NULL),(27,'f','1977-05-25','West Annamae','voluptas',NULL),(28,'f','2013-03-21','Wunschbury','similique',NULL),(29,'m','1971-09-01','Jerdeton','et',NULL),(30,'f','2013-11-05','West Arvid','dignissimos',NULL),(31,'m','1970-03-13','Tyrelburgh','ad',NULL),(32,'f','2002-06-07','Brekkechester','velit',NULL),(33,'m','1971-01-02','Port Jamarcus','sint',NULL),(34,'m','2005-03-16','East Nathaniel','qui',NULL),(35,'m','2019-08-10','Wintheiserside','commodi',NULL),(36,'m','1972-07-23','West Felton','asperiores',NULL),(37,'m','1978-02-17','Gradyview','consequatur',NULL),(38,'m','1976-01-06','Port Rogerside','rem',NULL),(39,'f','2005-02-18','Port Katrina','magnam',NULL),(40,'m','1985-06-17','North Pearlineport','architecto',NULL),(41,'m','1995-10-18','West Brendon','sed',NULL),(42,'f','1977-05-17','Port Cletabury','explicabo',NULL),(43,'m','1987-02-22','New Devante','non',NULL),(44,'f','2001-02-07','Welchmouth','vel',NULL),(45,'m','1998-07-18','Buckridgefort','ea',NULL),(46,'m','2002-05-31','Eltonview','fuga',NULL),(47,'m','2006-02-25','Giovanniberg','asperiores',NULL),(48,'f','1998-11-09','Port Kaydenchester','et',NULL),(49,'m','2003-08-05','Abbottville','et',NULL),(50,'m','2000-06-08','Doylestad','odit',NULL),(51,'m','1988-11-12','Port Jessie','delectus',NULL),(52,'m','2019-07-24','New Kennithbury','reprehenderit',NULL),(53,'m','2011-10-18','Lake Cecile','quia',NULL),(54,'m','2006-08-17','West Kevenchester','iure',NULL),(55,'f','2020-02-26','Nicolettefort','eum',NULL),(56,'f','1977-02-25','North Kylieville','cupiditate',NULL),(57,'m','1996-05-21','Lake Dejonton','id',NULL),(58,'m','1976-11-15','Kariannefort','aut',NULL),(59,'f','2010-04-23','Funkland','eos',NULL),(60,'m','1988-01-09','Elenamouth','corrupti',NULL),(61,'m','2002-04-23','Lueilwitzchester','eum',NULL),(62,'f','2003-08-16','Roxannehaven','molestiae',NULL),(63,'m','2006-09-07','Hudsonmouth','et',NULL),(64,'m','2006-02-15','Jerdeport','omnis',NULL),(65,'f','1972-07-31','Deckowburgh','amet',NULL),(66,'f','1985-10-16','Port Verner','provident',NULL),(67,'m','2015-01-06','Retamouth','dignissimos',NULL),(68,'m','1988-08-01','North Richmond','aperiam',NULL),(69,'f','1985-08-11','New Kenyonbury','quia',NULL),(70,'m','1999-09-06','North Bertburgh','similique',NULL),(71,'f','2005-07-14','New Joaniestad','ipsum',NULL),(72,'m','1977-05-01','Beckerfort','cumque',NULL),(73,'m','1993-03-15','South Vicky','facere',NULL),(74,'m','1991-02-05','Ilaside','sit',NULL),(75,'m','1976-03-15','West Elwyn','voluptatum',NULL),(76,'f','1982-03-17','New Jaleel','sint',NULL),(77,'m','2011-08-21','Lake Theresachester','qui',NULL),(78,'m','2010-10-17','Wisozkstad','nulla',NULL),(79,'f','1980-05-20','East Raymundo','ducimus',NULL),(80,'f','1988-02-06','East Tevin','ex',NULL),(81,'m','2009-05-15','North Arlie','et',NULL),(82,'f','1996-07-07','East Stephon','veritatis',NULL),(83,'m','1987-02-06','South Drewtown','et',NULL),(84,'m','1995-07-23','West Graham','magni',NULL),(85,'f','1986-05-08','Port Retabury','voluptas',NULL),(86,'m','1987-07-01','Idaside','consequatur',NULL),(87,'m','2017-11-23','New Suzanneton','sapiente',NULL),(88,'m','1976-02-18','Port Zaria','reiciendis',NULL),(89,'f','1982-06-16','Abernathychester','corrupti',NULL),(90,'f','2005-11-11','North Rudy','quia',NULL),(91,'m','1984-04-08','Selmerchester','magnam',NULL),(92,'m','2009-12-28','Olenbury','asperiores',NULL),(93,'m','1991-01-16','Langoshmouth','rerum',NULL),(94,'f','2010-01-04','Everettburgh','dolorem',NULL),(95,'f','2011-03-23','Port Shanieborough','similique',NULL),(96,'f','1971-07-13','East Price','voluptas',NULL),(97,'m','1975-04-16','Welchstad','voluptatem',NULL),(98,'f','2007-11-13','North Bernadettehaven','exercitationem',NULL),(99,'f','1999-03-31','Schmidtshire','nostrum',NULL),(100,'f','2018-09-16','Lake Alexandria','eum',NULL);
/*!40000 ALTER TABLE `profiles` ENABLE KEYS */;
UNLOCK TABLES;

--
-- Table structure for table `users`
--

DROP TABLE IF EXISTS `users`;
/*!40101 SET @saved_cs_client     = @@character_set_client */;
/*!40101 SET character_set_client = utf8 */;
CREATE TABLE `users` (
  `id` int(10) unsigned NOT NULL AUTO_INCREMENT,
  `first_name` varchar(100) COLLATE utf8_unicode_ci NOT NULL,
  `last_name` varchar(100) COLLATE utf8_unicode_ci NOT NULL,
  `email` varchar(120) COLLATE utf8_unicode_ci NOT NULL,
  `phone` varchar(120) COLLATE utf8_unicode_ci NOT NULL,
  `created_at` datetime DEFAULT CURRENT_TIMESTAMP,
  `updated_at` datetime DEFAULT CURRENT_TIMESTAMP ON UPDATE CURRENT_TIMESTAMP,
  PRIMARY KEY (`id`),
  UNIQUE KEY `email` (`email`),
  UNIQUE KEY `phone` (`phone`)
) ENGINE=InnoDB AUTO_INCREMENT=101 DEFAULT CHARSET=utf8 COLLATE=utf8_unicode_ci;
/*!40101 SET character_set_client = @saved_cs_client */;

--
-- Dumping data for table `users`
--

LOCK TABLES `users` WRITE;
/*!40000 ALTER TABLE `users` DISABLE KEYS */;
INSERT INTO `users` VALUES (1,'Bernadine','Gorczany','elvera83@example.net','(909)445-6288x4000','1977-05-18 01:08:46','1993-02-17 07:10:24'),(2,'Sylvan','Schulist','dpadberg@example.net','(696)878-5754x3338','2002-12-25 22:07:01','2006-08-24 05:10:20'),(3,'Marietta','Schneider','reid37@example.com','(232)166-1077x2441','1980-07-28 18:33:59','1999-12-14 08:10:07'),(4,'Kiara','Hahn','strosin.ova@example.com','1-195-003-8435x44140','1974-08-14 07:11:42','2008-08-10 07:06:47'),(5,'Keagan','Upton','zmueller@example.com','725.788.0919x93627','1980-05-09 10:09:26','2006-03-02 19:28:40'),(6,'Evert','Dicki','donnelly.easton@example.org','087-655-0206','1974-09-06 20:29:12','2002-12-24 14:21:28'),(7,'Kelton','Klocko','oskiles@example.com','750.379.0785x340','1975-05-24 02:12:05','1993-04-07 13:09:38'),(8,'Tess','Deckow','mariana.reinger@example.com','1-632-402-5220x702','1983-03-15 19:36:37','1992-12-07 18:11:27'),(9,'Cleta','Bartoletti','kevin.becker@example.net','(723)088-5247x740','1979-02-17 17:19:39','1979-03-04 17:23:14'),(10,'Wilford','Kreiger','bert74@example.com','01931617838','2014-07-05 07:45:30','2020-05-04 00:17:35'),(11,'Javon','Veum','vickie.kuphal@example.net','(484)182-9113x4324','1995-01-22 19:57:12','1998-04-18 03:37:36'),(12,'Alayna','Collier','hoeger.terrill@example.org','(950)443-3019x81685','2003-05-03 02:17:15','2007-05-08 17:22:50'),(13,'Esmeralda','Okuneva','dee01@example.com','287.004.7469x44115','1981-02-28 16:28:57','2020-05-04 00:17:35'),(14,'Walker','Brown','alaina.spencer@example.com','589.165.3216x40244','2002-11-21 04:03:08','2020-05-04 00:17:35'),(15,'Santina','Cronin','simonis.flossie@example.org','920.768.6276x23750','2013-10-30 12:51:20','2020-05-04 00:17:35'),(16,'Misael','Auer','elizabeth.mosciski@example.com','489-142-3245x5134','1980-12-21 22:22:30','2014-07-12 21:34:55'),(17,'Miller','Sanford','clarissa35@example.org','01321654760','2006-07-12 17:31:48','2020-05-04 00:17:35'),(18,'Koby','Hammes','ray73@example.org','660-799-7214','1992-09-08 01:36:42','1998-02-26 02:17:29'),(19,'Elroy','Streich','gerhard.barrows@example.net','+68(4)2747255993','1992-03-04 11:19:08','2020-05-04 00:17:35'),(20,'Pearlie','Klocko','yost.vincent@example.com','1-676-984-4104','1980-07-24 02:52:48','2003-10-14 20:24:14'),(21,'Luther','Klocko','leannon.clark@example.com','283.175.1149x000','2018-02-20 17:57:04','2020-05-04 00:17:35'),(22,'Chester','Oberbrunner','rlemke@example.com','362-995-7042','1979-04-28 22:01:24','1996-02-29 02:08:14'),(23,'Sage','Bruen','sven.harvey@example.net','757.668.2663x1257','1984-06-17 01:37:13','2018-03-23 14:15:27'),(24,'Billie','Powlowski','mcclure.carleton@example.org','+60(3)2833195292','1988-11-21 06:52:30','2020-05-04 00:17:35'),(25,'Mitchell','Durgan','cmarvin@example.net','171.391.7724','2004-10-27 11:08:06','2015-08-09 21:57:14'),(26,'Elmore','Blanda','tony18@example.org','+76(0)9245787938','1987-11-08 14:17:10','2020-05-04 00:17:35'),(27,'Bridget','Gaylord','waters.barney@example.com','+91(2)4760439225','1983-07-17 05:44:48','1997-10-02 00:50:00'),(28,'Donny','Carroll','earnestine09@example.org','641.985.2535','2015-05-08 06:33:05','2020-05-04 00:17:35'),(29,'Rebekah','Collins','lenora70@example.net','03756734179','1971-12-05 20:02:15','1995-06-09 15:03:12'),(30,'Jarrett','Macejkovic','gloria.koepp@example.com','1-651-083-2421x4500','2012-06-23 15:46:48','2015-01-10 02:02:52'),(31,'Antonia','Ziemann','nbeier@example.net','(758)670-0383x74986','2001-07-01 09:37:09','2020-05-04 00:17:35'),(32,'Omer','Larson','millie.welch@example.net','(692)183-7780x57360','1984-06-15 22:42:45','1989-11-23 09:10:34'),(33,'Jon','Effertz','brice@example.net','378.182.1653','1999-11-16 00:57:01','2020-05-04 00:17:35'),(34,'Annie','Maggio','hank.kessler@example.com','+25(7)8916428095','1988-02-19 19:23:40','2000-04-09 04:12:47'),(35,'Judson','Larkin','cynthia81@example.org','478.162.5873x147','1984-03-25 17:35:29','1994-04-20 22:41:11'),(36,'Robbie','Berge','eula.lynch@example.org','+01(7)4839270575','1975-10-29 08:46:16','1981-06-27 13:22:07'),(37,'Aubrey','Rohan','florence89@example.org','(721)182-6983x7002','2008-05-16 03:51:13','2020-05-04 00:17:35'),(38,'Blaze','Effertz','adriel.wilderman@example.org','003-850-8534x9343','2007-02-04 22:36:56','2015-10-25 20:26:02'),(39,'Jabari','Bauch','arnold.hintz@example.net','625.991.6502','2009-01-19 06:06:13','2020-05-04 00:17:35'),(40,'Maybelle','O\'Kon','lacy.pagac@example.net','953-150-7744x0437','1974-04-04 09:23:23','1991-07-03 16:10:58'),(41,'Gudrun','Kohler','danika.thompson@example.net','(859)570-5032','2004-09-20 12:57:15','2008-12-22 15:52:55'),(42,'Tamara','Turner','elmira67@example.net','302-623-4023x290','2001-01-11 14:45:28','2011-05-20 10:48:30'),(43,'Claire','Kub','mconn@example.net','1-347-609-5793x9518','2003-06-27 00:54:26','2020-05-04 00:17:35'),(44,'Cassandra','Herman','beverly.hoeger@example.org','829-005-3577','2015-03-31 05:38:56','2020-05-04 00:17:35'),(45,'Verner','Stracke','qbreitenberg@example.com','(284)641-3916','1998-08-29 11:57:06','2020-05-04 00:17:35'),(46,'Jules','Breitenberg','kiara46@example.net','+80(8)2941063576','2011-06-20 02:27:06','2020-05-04 00:17:35'),(47,'Arden','Kovacek','uemard@example.org','00083951782','2016-01-20 05:54:07','2020-05-04 00:17:35'),(48,'Justine','Christiansen','priscilla69@example.org','(072)194-0032','1995-04-06 09:28:45','1998-03-08 07:35:21'),(49,'Noelia','Beahan','gpacocha@example.net','+81(9)6897588955','1972-10-06 23:37:35','2005-02-22 10:06:46'),(50,'Phoebe','Bogisich','octavia20@example.org','02982737023','1991-06-22 03:42:42','2018-03-14 18:28:29'),(51,'Audreanne','Mohr','mckenna.dicki@example.com','(839)176-6381','1980-07-10 08:36:35','2000-02-25 21:25:39'),(52,'Ross','Volkman','rogers69@example.org','884.591.7228','1986-03-02 15:02:25','1999-09-21 09:37:44'),(53,'Jazmin','Deckow','fframi@example.com','05418327686','2003-05-22 08:58:36','2010-11-15 22:51:00'),(54,'Troy','Upton','major.terry@example.org','1-409-454-2803','1995-08-25 05:38:13','2020-05-04 00:17:35'),(55,'Gayle','Hickle','daphne67@example.org','1-049-989-6803x335','1979-03-28 07:15:35','2020-05-04 00:17:35'),(56,'Estell','Turner','helene64@example.net','1-384-762-5166x86253','2013-05-24 04:51:11','2020-05-04 00:17:35'),(57,'Rosella','Romaguera','dcollins@example.com','03906525797','1975-10-27 05:32:04','1990-07-07 06:52:12'),(58,'Archibald','Cartwright','elta.conroy@example.com','033.171.6061','1998-07-28 11:49:12','2020-05-04 00:17:35'),(59,'Abigail','Schoen','litzy21@example.net','08632379820','2019-01-31 22:33:35','2020-05-04 00:17:35'),(60,'Marilie','Funk','miller.grant@example.net','1-037-900-2364x137','1995-05-18 20:01:34','2012-09-16 21:51:23'),(61,'Gwendolyn','Kertzmann','jed42@example.org','05391052944','1994-05-13 07:40:21','2010-09-19 03:16:29'),(62,'Lenore','Roberts','littel.arnold@example.com','928.317.9166x760','1992-02-05 03:41:20','2005-01-28 16:57:04'),(63,'Talon','Hoppe','otho.krajcik@example.org','(224)144-3964','1984-11-23 06:21:14','2015-06-01 16:30:05'),(64,'Andy','Labadie','mittie76@example.net','918-793-5161x0092','1998-04-26 18:12:25','2020-05-04 00:17:35'),(65,'Chadrick','Feil','retha.kulas@example.net','(155)801-7565x821','2018-03-27 10:26:56','2020-05-04 00:17:35'),(66,'Stella','Sawayn','maia.jerde@example.org','1-962-917-3730x8799','1981-09-03 14:08:02','1989-09-02 19:32:25'),(67,'Roman','Denesik','vernie.schuppe@example.org','03282534037','2017-03-12 21:15:26','2017-04-03 11:37:17'),(68,'Allan','Mueller','jeanie64@example.net','712-122-7232x20401','1996-09-21 23:31:06','2020-05-04 00:17:35'),(69,'Barrett','Zboncak','wschaden@example.com','1-350-331-9918','1983-04-07 06:52:44','2020-05-04 00:17:35'),(70,'Alf','Schiller','richmond.borer@example.net','1-094-379-1789x44560','1999-09-26 00:52:39','2007-04-16 20:04:01'),(71,'Abe','Koelpin','dlarkin@example.com','574.639.2439x947','1972-07-18 02:49:34','2005-04-15 06:05:22'),(72,'Elwin','Kreiger','colin77@example.com','243-737-4586x6957','2005-07-13 04:35:49','2020-05-04 00:17:35'),(73,'Domenica','Cronin','kane.dickens@example.net','639-712-7235x673','1991-12-04 00:00:27','1993-06-24 20:18:45'),(74,'Susanna','Boyle','finn.hegmann@example.org','+09(0)0010912052','2001-10-17 03:26:30','2007-12-18 05:33:34'),(75,'Jamey','Heidenreich','balistreri.alvis@example.com','219.428.2383x9378','2016-04-12 06:59:43','2020-05-04 00:17:35'),(76,'Jerel','Mayert','rolfson.maiya@example.org','(121)188-5550','1992-08-17 09:26:25','2010-12-04 17:09:11'),(77,'Marianna','Kilback','grady.cory@example.net','132-762-0233x71092','1997-01-21 03:38:41','2020-05-04 00:17:35'),(78,'Freddie','Turner','pmraz@example.org','(228)997-0224x1503','1977-05-04 08:10:13','1981-08-26 19:19:39'),(79,'Ramiro','Satterfield','ophelia12@example.com','(941)124-3052x262','1995-12-12 12:54:48','2020-05-04 00:17:35'),(80,'Jaclyn','Lowe','morar.elbert@example.net','1-203-987-0837x85116','1995-06-17 17:20:33','2007-08-21 11:49:31'),(81,'Andres','Funk','hills.ariane@example.net','1-402-517-4784x74656','1977-05-04 02:11:51','2004-12-28 05:28:43'),(82,'Enoch','Stiedemann','clement76@example.org','+96(4)5957723693','2016-07-23 05:39:58','2020-05-04 00:17:35'),(83,'Hertha','Lubowitz','bogisich.danielle@example.com','455.927.1308x116','1980-06-20 14:37:29','2005-06-01 17:40:46'),(84,'Hortense','Watsica','hagenes.antonette@example.com','646-872-4692','1982-05-04 02:52:56','2017-10-02 21:53:34'),(85,'Cordell','Emard','svolkman@example.com','057.757.1371x78233','1979-01-16 08:18:47','1994-06-08 02:55:24'),(86,'Isabel','Veum','hschumm@example.org','1-930-506-7293x8486','2016-02-29 01:37:50','2020-05-04 00:17:35'),(87,'Pansy','Swaniawski','gfay@example.net','1-180-875-7917','1990-04-12 03:09:19','2020-05-04 00:17:35'),(88,'Mozell','Crona','gleason.malinda@example.com','173.643.1604','2009-07-12 15:07:14','2020-05-04 00:17:35'),(89,'Jairo','Schultz','deven.sauer@example.com','651.584.2857x6650','1980-04-03 08:36:54','1981-03-27 21:32:48'),(90,'Kaela','Brown','ldickens@example.com','591.024.8710x5914','2012-10-01 20:46:03','2020-05-04 00:17:35'),(91,'Dashawn','Deckow','haley.rath@example.org','959.216.7542x87750','2012-01-10 18:02:48','2020-05-04 00:17:35'),(92,'Kameron','Wehner','chahn@example.net','(890)950-8485x0389','2009-09-06 17:11:09','2010-09-10 04:32:10'),(93,'Ressie','Cormier','nschmidt@example.com','01217482361','1985-03-29 12:09:17','2013-05-16 23:26:22'),(94,'Peggie','Cronin','heaney.sydni@example.net','153.555.3506','1987-02-23 08:52:07','2002-02-05 10:50:45'),(95,'Carroll','Mitchell','zula72@example.org','1-626-904-8950','2013-06-02 13:10:08','2020-05-04 00:17:35'),(96,'Clint','Kunze','hershel21@example.org','(563)824-9793x1911','1992-01-25 09:42:16','1995-09-20 00:50:40'),(97,'Hassie','Hauck','boyle.brielle@example.com','(942)263-4529x758','2005-11-18 10:59:53','2014-10-12 21:24:25'),(98,'Camron','McKenzie','fhackett@example.com','617-828-4059x34295','2006-11-19 22:41:27','2017-07-14 20:42:27'),(99,'Renee','Stokes','anthony.kuphal@example.com','589-119-9948','2003-12-02 13:56:11','2020-05-04 00:17:35'),(100,'Celestine','Corwin','kuhn.jaime@example.org','299-365-1867x27675','1992-06-16 02:05:32','1995-07-16 17:00:01');
/*!40000 ALTER TABLE `users` ENABLE KEYS */;
UNLOCK TABLES;
/*!40103 SET TIME_ZONE=@OLD_TIME_ZONE */;

/*!40101 SET SQL_MODE=@OLD_SQL_MODE */;
/*!40014 SET FOREIGN_KEY_CHECKS=@OLD_FOREIGN_KEY_CHECKS */;
/*!40014 SET UNIQUE_CHECKS=@OLD_UNIQUE_CHECKS */;
/*!40101 SET CHARACTER_SET_CLIENT=@OLD_CHARACTER_SET_CLIENT */;
/*!40101 SET CHARACTER_SET_RESULTS=@OLD_CHARACTER_SET_RESULTS */;
/*!40101 SET COLLATION_CONNECTION=@OLD_COLLATION_CONNECTION */;
/*!40111 SET SQL_NOTES=@OLD_SQL_NOTES */;

-- Dump completed on 2020-05-04  1:16:52
