#
# TABLE STRUCTURE FOR: communities
#

DROP TABLE IF EXISTS `communities`;

CREATE TABLE `communities` (
  `id` int(10) unsigned NOT NULL AUTO_INCREMENT,
  `name` varchar(150) COLLATE utf8_unicode_ci NOT NULL,
  PRIMARY KEY (`id`),
  UNIQUE KEY `name` (`name`)
) ENGINE=InnoDB AUTO_INCREMENT=101 DEFAULT CHARSET=utf8 COLLATE=utf8_unicode_ci;

INSERT INTO `communities` (`id`, `name`) VALUES (60, 'A qui qui et non ipsum sequi.');
INSERT INTO `communities` (`id`, `name`) VALUES (80, 'Ab vero explicabo aliquid voluptatibus in voluptatibus.');
INSERT INTO `communities` (`id`, `name`) VALUES (87, 'Accusamus reprehenderit minima dolores in autem.');
INSERT INTO `communities` (`id`, `name`) VALUES (18, 'Accusantium deleniti necessitatibus rerum iste.');
INSERT INTO `communities` (`id`, `name`) VALUES (11, 'Adipisci expedita et nulla esse optio.');
INSERT INTO `communities` (`id`, `name`) VALUES (83, 'Architecto voluptas quasi voluptatibus inventore.');
INSERT INTO `communities` (`id`, `name`) VALUES (79, 'Asperiores aliquam fugiat culpa placeat consequatur maiores reprehenderit.');
INSERT INTO `communities` (`id`, `name`) VALUES (24, 'Assumenda omnis delectus eveniet atque ut molestiae quas.');
INSERT INTO `communities` (`id`, `name`) VALUES (40, 'At et quis rerum.');
INSERT INTO `communities` (`id`, `name`) VALUES (92, 'Aut voluptas voluptas omnis et aut.');
INSERT INTO `communities` (`id`, `name`) VALUES (85, 'Autem veniam soluta velit sapiente dolorem suscipit.');
INSERT INTO `communities` (`id`, `name`) VALUES (71, 'Blanditiis quaerat officiis quidem nihil.');
INSERT INTO `communities` (`id`, `name`) VALUES (54, 'Commodi voluptatem qui vitae non.');
INSERT INTO `communities` (`id`, `name`) VALUES (56, 'Consequatur est dolorem itaque.');
INSERT INTO `communities` (`id`, `name`) VALUES (13, 'Consequatur suscipit laboriosam qui sed aut.');
INSERT INTO `communities` (`id`, `name`) VALUES (32, 'Cumque et beatae voluptas nam.');
INSERT INTO `communities` (`id`, `name`) VALUES (62, 'Cumque similique quod aut beatae omnis.');
INSERT INTO `communities` (`id`, `name`) VALUES (52, 'Cupiditate maiores reprehenderit in reiciendis reiciendis.');
INSERT INTO `communities` (`id`, `name`) VALUES (27, 'Debitis sunt sint et corrupti ut sint quia.');
INSERT INTO `communities` (`id`, `name`) VALUES (59, 'Dicta dolorem labore repudiandae.');
INSERT INTO `communities` (`id`, `name`) VALUES (15, 'Dicta nemo est a voluptas fuga.');
INSERT INTO `communities` (`id`, `name`) VALUES (28, 'Dicta qui iusto dolor voluptas.');
INSERT INTO `communities` (`id`, `name`) VALUES (39, 'Dicta quidem est quisquam laboriosam delectus qui asperiores.');
INSERT INTO `communities` (`id`, `name`) VALUES (44, 'Dicta ut officiis nemo id quisquam molestiae.');
INSERT INTO `communities` (`id`, `name`) VALUES (5, 'Dolor qui amet cupiditate.');
INSERT INTO `communities` (`id`, `name`) VALUES (12, 'Dolorem natus consequuntur quam sunt consequuntur exercitationem.');
INSERT INTO `communities` (`id`, `name`) VALUES (9, 'Dolores hic nobis odio eligendi soluta aut.');
INSERT INTO `communities` (`id`, `name`) VALUES (68, 'Eaque vero suscipit in voluptatem quo.');
INSERT INTO `communities` (`id`, `name`) VALUES (72, 'Eius in assumenda omnis dolorem.');
INSERT INTO `communities` (`id`, `name`) VALUES (16, 'Eius voluptate nihil eveniet aut nostrum tempore officia.');
INSERT INTO `communities` (`id`, `name`) VALUES (2, 'Eos consequatur quam repudiandae aut aspernatur veritatis.');
INSERT INTO `communities` (`id`, `name`) VALUES (14, 'Et et sunt id et sequi.');
INSERT INTO `communities` (`id`, `name`) VALUES (78, 'Et nihil pariatur nisi impedit.');
INSERT INTO `communities` (`id`, `name`) VALUES (64, 'Et qui maiores tenetur dignissimos suscipit libero cupiditate et.');
INSERT INTO `communities` (`id`, `name`) VALUES (48, 'Et soluta cupiditate facere esse ut molestiae eaque.');
INSERT INTO `communities` (`id`, `name`) VALUES (34, 'Ex inventore odit et doloribus.');
INSERT INTO `communities` (`id`, `name`) VALUES (46, 'Exercitationem beatae ea quo atque voluptas.');
INSERT INTO `communities` (`id`, `name`) VALUES (95, 'Explicabo ipsa tempore ea fugiat iure.');
INSERT INTO `communities` (`id`, `name`) VALUES (63, 'Harum cupiditate id ipsum assumenda vitae enim neque expedita.');
INSERT INTO `communities` (`id`, `name`) VALUES (100, 'In nam illo non dolorum dolores.');
INSERT INTO `communities` (`id`, `name`) VALUES (99, 'Inventore totam sunt est quaerat.');
INSERT INTO `communities` (`id`, `name`) VALUES (38, 'Laborum qui earum laudantium id.');
INSERT INTO `communities` (`id`, `name`) VALUES (25, 'Laudantium debitis vitae sint voluptatem non.');
INSERT INTO `communities` (`id`, `name`) VALUES (77, 'Maxime est assumenda atque accusamus.');
INSERT INTO `communities` (`id`, `name`) VALUES (3, 'Minima sed optio exercitationem.');
INSERT INTO `communities` (`id`, `name`) VALUES (58, 'Modi rem autem itaque quae maiores inventore molestiae.');
INSERT INTO `communities` (`id`, `name`) VALUES (23, 'Nam minus officia possimus nobis ut est.');
INSERT INTO `communities` (`id`, `name`) VALUES (81, 'Natus optio minima omnis aliquam.');
INSERT INTO `communities` (`id`, `name`) VALUES (35, 'Natus quaerat et voluptatem consectetur fugit.');
INSERT INTO `communities` (`id`, `name`) VALUES (70, 'Nesciunt quas dolorem minus nobis rem.');
INSERT INTO `communities` (`id`, `name`) VALUES (26, 'Nesciunt veniam rerum quasi.');
INSERT INTO `communities` (`id`, `name`) VALUES (19, 'Nihil molestiae non vel est.');
INSERT INTO `communities` (`id`, `name`) VALUES (36, 'Nihil perspiciatis laborum in non tempora voluptatibus consequatur.');
INSERT INTO `communities` (`id`, `name`) VALUES (53, 'Nisi magnam nam deleniti accusamus fugiat et.');
INSERT INTO `communities` (`id`, `name`) VALUES (21, 'Non in maxime odit ipsa.');
INSERT INTO `communities` (`id`, `name`) VALUES (73, 'Non ut incidunt occaecati recusandae consequatur placeat.');
INSERT INTO `communities` (`id`, `name`) VALUES (86, 'Nulla consequatur eum nihil quia dolores voluptates vitae quia.');
INSERT INTO `communities` (`id`, `name`) VALUES (67, 'Nulla nulla nisi nihil ex.');
INSERT INTO `communities` (`id`, `name`) VALUES (90, 'Numquam quidem voluptates illum esse fugit.');
INSERT INTO `communities` (`id`, `name`) VALUES (84, 'Occaecati corporis beatae at aut et ut.');
INSERT INTO `communities` (`id`, `name`) VALUES (69, 'Occaecati enim vel rerum deserunt omnis sunt saepe.');
INSERT INTO `communities` (`id`, `name`) VALUES (33, 'Omnis ab eum delectus dolorum tenetur quia perferendis qui.');
INSERT INTO `communities` (`id`, `name`) VALUES (43, 'Optio ut optio accusamus tempora.');
INSERT INTO `communities` (`id`, `name`) VALUES (76, 'Optio voluptatibus reiciendis accusantium earum.');
INSERT INTO `communities` (`id`, `name`) VALUES (74, 'Pariatur nesciunt corrupti expedita dolor voluptatem facilis.');
INSERT INTO `communities` (`id`, `name`) VALUES (29, 'Perspiciatis omnis et modi voluptatem.');
INSERT INTO `communities` (`id`, `name`) VALUES (51, 'Porro et qui ea nostrum quis soluta ut.');
INSERT INTO `communities` (`id`, `name`) VALUES (22, 'Possimus voluptas omnis nisi doloribus aperiam corrupti qui.');
INSERT INTO `communities` (`id`, `name`) VALUES (6, 'Provident laborum sit tenetur voluptatem est magni.');
INSERT INTO `communities` (`id`, `name`) VALUES (57, 'Qui autem mollitia distinctio consequatur dolores maiores velit.');
INSERT INTO `communities` (`id`, `name`) VALUES (61, 'Qui quia consequatur laborum minima quasi veniam rerum.');
INSERT INTO `communities` (`id`, `name`) VALUES (10, 'Qui similique saepe dolor qui asperiores itaque perferendis.');
INSERT INTO `communities` (`id`, `name`) VALUES (89, 'Quia quia cumque sapiente non possimus sapiente.');
INSERT INTO `communities` (`id`, `name`) VALUES (49, 'Quia sint nemo eius.');
INSERT INTO `communities` (`id`, `name`) VALUES (41, 'Quis aut quia quis iusto velit dolorum eum.');
INSERT INTO `communities` (`id`, `name`) VALUES (55, 'Quis culpa cumque consectetur voluptas.');
INSERT INTO `communities` (`id`, `name`) VALUES (65, 'Quo odio id et voluptas placeat.');
INSERT INTO `communities` (`id`, `name`) VALUES (4, 'Recusandae provident sit architecto maiores quaerat perspiciatis.');
INSERT INTO `communities` (`id`, `name`) VALUES (98, 'Rem qui beatae dicta maiores aut totam non.');
INSERT INTO `communities` (`id`, `name`) VALUES (30, 'Repellat cumque hic facere earum minus eum.');
INSERT INTO `communities` (`id`, `name`) VALUES (94, 'Reprehenderit enim corrupti debitis soluta.');
INSERT INTO `communities` (`id`, `name`) VALUES (66, 'Repudiandae voluptas id incidunt quia dolor sed.');
INSERT INTO `communities` (`id`, `name`) VALUES (45, 'Rerum impedit cupiditate at.');
INSERT INTO `communities` (`id`, `name`) VALUES (97, 'Saepe dolorum sed tempore beatae.');
INSERT INTO `communities` (`id`, `name`) VALUES (17, 'Saepe non repellendus rerum quibusdam aut consequatur dicta adipisci.');
INSERT INTO `communities` (`id`, `name`) VALUES (50, 'Sapiente sequi eum fugiat repellat sed vitae omnis.');
INSERT INTO `communities` (`id`, `name`) VALUES (31, 'Sequi et voluptatibus sunt iste quasi.');
INSERT INTO `communities` (`id`, `name`) VALUES (75, 'Similique aliquid maiores eligendi quos aut necessitatibus nemo qui.');
INSERT INTO `communities` (`id`, `name`) VALUES (93, 'Similique aspernatur aut voluptatum aut autem voluptatum recusandae.');
INSERT INTO `communities` (`id`, `name`) VALUES (42, 'Sit cupiditate consequatur voluptatum alias.');
INSERT INTO `communities` (`id`, `name`) VALUES (47, 'Sit et ducimus velit.');
INSERT INTO `communities` (`id`, `name`) VALUES (82, 'Sunt quae eum nemo et sint.');
INSERT INTO `communities` (`id`, `name`) VALUES (8, 'Tenetur corrupti tenetur illum.');
INSERT INTO `communities` (`id`, `name`) VALUES (7, 'Tenetur temporibus id consequuntur mollitia dolores sit in optio.');
INSERT INTO `communities` (`id`, `name`) VALUES (20, 'Ullam possimus vero explicabo.');
INSERT INTO `communities` (`id`, `name`) VALUES (88, 'Unde et earum voluptas tempora nihil rem blanditiis nulla.');
INSERT INTO `communities` (`id`, `name`) VALUES (37, 'Ut aliquam nobis harum harum pariatur vel iste et.');
INSERT INTO `communities` (`id`, `name`) VALUES (96, 'Ut quibusdam impedit sed voluptate est.');
INSERT INTO `communities` (`id`, `name`) VALUES (1, 'Ut sint quod et voluptatem vel.');
INSERT INTO `communities` (`id`, `name`) VALUES (91, 'Voluptatem voluptates ratione incidunt qui.');


#
# TABLE STRUCTURE FOR: communities_users
#

DROP TABLE IF EXISTS `communities_users`;

CREATE TABLE `communities_users` (
  `community_id` int(10) unsigned NOT NULL,
  `user_id` int(10) unsigned NOT NULL,
  PRIMARY KEY (`community_id`,`user_id`)
) ENGINE=InnoDB DEFAULT CHARSET=utf8 COLLATE=utf8_unicode_ci;

INSERT INTO `communities_users` (`community_id`, `user_id`) VALUES (1, 1);
INSERT INTO `communities_users` (`community_id`, `user_id`) VALUES (2, 2);
INSERT INTO `communities_users` (`community_id`, `user_id`) VALUES (3, 3);
INSERT INTO `communities_users` (`community_id`, `user_id`) VALUES (4, 4);
INSERT INTO `communities_users` (`community_id`, `user_id`) VALUES (5, 5);
INSERT INTO `communities_users` (`community_id`, `user_id`) VALUES (6, 6);
INSERT INTO `communities_users` (`community_id`, `user_id`) VALUES (7, 7);
INSERT INTO `communities_users` (`community_id`, `user_id`) VALUES (8, 8);
INSERT INTO `communities_users` (`community_id`, `user_id`) VALUES (9, 9);
INSERT INTO `communities_users` (`community_id`, `user_id`) VALUES (10, 10);
INSERT INTO `communities_users` (`community_id`, `user_id`) VALUES (11, 11);
INSERT INTO `communities_users` (`community_id`, `user_id`) VALUES (12, 12);
INSERT INTO `communities_users` (`community_id`, `user_id`) VALUES (13, 13);
INSERT INTO `communities_users` (`community_id`, `user_id`) VALUES (14, 14);
INSERT INTO `communities_users` (`community_id`, `user_id`) VALUES (15, 15);
INSERT INTO `communities_users` (`community_id`, `user_id`) VALUES (16, 16);
INSERT INTO `communities_users` (`community_id`, `user_id`) VALUES (17, 17);
INSERT INTO `communities_users` (`community_id`, `user_id`) VALUES (18, 18);
INSERT INTO `communities_users` (`community_id`, `user_id`) VALUES (19, 19);
INSERT INTO `communities_users` (`community_id`, `user_id`) VALUES (20, 20);
INSERT INTO `communities_users` (`community_id`, `user_id`) VALUES (21, 21);
INSERT INTO `communities_users` (`community_id`, `user_id`) VALUES (22, 22);
INSERT INTO `communities_users` (`community_id`, `user_id`) VALUES (23, 23);
INSERT INTO `communities_users` (`community_id`, `user_id`) VALUES (24, 24);
INSERT INTO `communities_users` (`community_id`, `user_id`) VALUES (25, 25);
INSERT INTO `communities_users` (`community_id`, `user_id`) VALUES (26, 26);
INSERT INTO `communities_users` (`community_id`, `user_id`) VALUES (27, 27);
INSERT INTO `communities_users` (`community_id`, `user_id`) VALUES (28, 28);
INSERT INTO `communities_users` (`community_id`, `user_id`) VALUES (29, 29);
INSERT INTO `communities_users` (`community_id`, `user_id`) VALUES (30, 30);
INSERT INTO `communities_users` (`community_id`, `user_id`) VALUES (31, 31);
INSERT INTO `communities_users` (`community_id`, `user_id`) VALUES (32, 32);
INSERT INTO `communities_users` (`community_id`, `user_id`) VALUES (33, 33);
INSERT INTO `communities_users` (`community_id`, `user_id`) VALUES (34, 34);
INSERT INTO `communities_users` (`community_id`, `user_id`) VALUES (35, 35);
INSERT INTO `communities_users` (`community_id`, `user_id`) VALUES (36, 36);
INSERT INTO `communities_users` (`community_id`, `user_id`) VALUES (37, 37);
INSERT INTO `communities_users` (`community_id`, `user_id`) VALUES (38, 38);
INSERT INTO `communities_users` (`community_id`, `user_id`) VALUES (39, 39);
INSERT INTO `communities_users` (`community_id`, `user_id`) VALUES (40, 40);
INSERT INTO `communities_users` (`community_id`, `user_id`) VALUES (41, 41);
INSERT INTO `communities_users` (`community_id`, `user_id`) VALUES (42, 42);
INSERT INTO `communities_users` (`community_id`, `user_id`) VALUES (43, 43);
INSERT INTO `communities_users` (`community_id`, `user_id`) VALUES (44, 44);
INSERT INTO `communities_users` (`community_id`, `user_id`) VALUES (45, 45);
INSERT INTO `communities_users` (`community_id`, `user_id`) VALUES (46, 46);
INSERT INTO `communities_users` (`community_id`, `user_id`) VALUES (47, 47);
INSERT INTO `communities_users` (`community_id`, `user_id`) VALUES (48, 48);
INSERT INTO `communities_users` (`community_id`, `user_id`) VALUES (49, 49);
INSERT INTO `communities_users` (`community_id`, `user_id`) VALUES (50, 50);
INSERT INTO `communities_users` (`community_id`, `user_id`) VALUES (51, 51);
INSERT INTO `communities_users` (`community_id`, `user_id`) VALUES (52, 52);
INSERT INTO `communities_users` (`community_id`, `user_id`) VALUES (53, 53);
INSERT INTO `communities_users` (`community_id`, `user_id`) VALUES (54, 54);
INSERT INTO `communities_users` (`community_id`, `user_id`) VALUES (55, 55);
INSERT INTO `communities_users` (`community_id`, `user_id`) VALUES (56, 56);
INSERT INTO `communities_users` (`community_id`, `user_id`) VALUES (57, 57);
INSERT INTO `communities_users` (`community_id`, `user_id`) VALUES (58, 58);
INSERT INTO `communities_users` (`community_id`, `user_id`) VALUES (59, 59);
INSERT INTO `communities_users` (`community_id`, `user_id`) VALUES (60, 60);
INSERT INTO `communities_users` (`community_id`, `user_id`) VALUES (61, 61);
INSERT INTO `communities_users` (`community_id`, `user_id`) VALUES (62, 62);
INSERT INTO `communities_users` (`community_id`, `user_id`) VALUES (63, 63);
INSERT INTO `communities_users` (`community_id`, `user_id`) VALUES (64, 64);
INSERT INTO `communities_users` (`community_id`, `user_id`) VALUES (65, 65);
INSERT INTO `communities_users` (`community_id`, `user_id`) VALUES (66, 66);
INSERT INTO `communities_users` (`community_id`, `user_id`) VALUES (67, 67);
INSERT INTO `communities_users` (`community_id`, `user_id`) VALUES (68, 68);
INSERT INTO `communities_users` (`community_id`, `user_id`) VALUES (69, 69);
INSERT INTO `communities_users` (`community_id`, `user_id`) VALUES (70, 70);
INSERT INTO `communities_users` (`community_id`, `user_id`) VALUES (71, 71);
INSERT INTO `communities_users` (`community_id`, `user_id`) VALUES (72, 72);
INSERT INTO `communities_users` (`community_id`, `user_id`) VALUES (73, 73);
INSERT INTO `communities_users` (`community_id`, `user_id`) VALUES (74, 74);
INSERT INTO `communities_users` (`community_id`, `user_id`) VALUES (75, 75);
INSERT INTO `communities_users` (`community_id`, `user_id`) VALUES (76, 76);
INSERT INTO `communities_users` (`community_id`, `user_id`) VALUES (77, 77);
INSERT INTO `communities_users` (`community_id`, `user_id`) VALUES (78, 78);
INSERT INTO `communities_users` (`community_id`, `user_id`) VALUES (79, 79);
INSERT INTO `communities_users` (`community_id`, `user_id`) VALUES (80, 80);
INSERT INTO `communities_users` (`community_id`, `user_id`) VALUES (81, 81);
INSERT INTO `communities_users` (`community_id`, `user_id`) VALUES (82, 82);
INSERT INTO `communities_users` (`community_id`, `user_id`) VALUES (83, 83);
INSERT INTO `communities_users` (`community_id`, `user_id`) VALUES (84, 84);
INSERT INTO `communities_users` (`community_id`, `user_id`) VALUES (85, 85);
INSERT INTO `communities_users` (`community_id`, `user_id`) VALUES (86, 86);
INSERT INTO `communities_users` (`community_id`, `user_id`) VALUES (87, 87);
INSERT INTO `communities_users` (`community_id`, `user_id`) VALUES (88, 88);
INSERT INTO `communities_users` (`community_id`, `user_id`) VALUES (89, 89);
INSERT INTO `communities_users` (`community_id`, `user_id`) VALUES (90, 90);
INSERT INTO `communities_users` (`community_id`, `user_id`) VALUES (91, 91);
INSERT INTO `communities_users` (`community_id`, `user_id`) VALUES (92, 92);
INSERT INTO `communities_users` (`community_id`, `user_id`) VALUES (93, 93);
INSERT INTO `communities_users` (`community_id`, `user_id`) VALUES (94, 94);
INSERT INTO `communities_users` (`community_id`, `user_id`) VALUES (95, 95);
INSERT INTO `communities_users` (`community_id`, `user_id`) VALUES (96, 96);
INSERT INTO `communities_users` (`community_id`, `user_id`) VALUES (97, 97);
INSERT INTO `communities_users` (`community_id`, `user_id`) VALUES (98, 98);
INSERT INTO `communities_users` (`community_id`, `user_id`) VALUES (99, 99);
INSERT INTO `communities_users` (`community_id`, `user_id`) VALUES (100, 100);


#
# TABLE STRUCTURE FOR: friendship
#

DROP TABLE IF EXISTS `friendship`;

CREATE TABLE `friendship` (
  `user_id` int(10) unsigned NOT NULL,
  `friend_id` int(10) unsigned NOT NULL,
  `status_id` int(10) unsigned NOT NULL,
  `requested_at` datetime DEFAULT current_timestamp(),
  `confirmed_at` datetime DEFAULT NULL,
  PRIMARY KEY (`user_id`,`friend_id`)
) ENGINE=InnoDB DEFAULT CHARSET=utf8 COLLATE=utf8_unicode_ci;

INSERT INTO `friendship` (`user_id`, `friend_id`, `status_id`, `requested_at`, `confirmed_at`) VALUES (1, 1, 1, '2000-03-06 15:45:28', '2005-06-07 13:58:04');
INSERT INTO `friendship` (`user_id`, `friend_id`, `status_id`, `requested_at`, `confirmed_at`) VALUES (2, 2, 2, '1982-06-09 04:51:33', '2017-05-29 19:03:47');
INSERT INTO `friendship` (`user_id`, `friend_id`, `status_id`, `requested_at`, `confirmed_at`) VALUES (3, 3, 3, '1980-12-29 13:06:33', '2003-11-23 08:15:37');
INSERT INTO `friendship` (`user_id`, `friend_id`, `status_id`, `requested_at`, `confirmed_at`) VALUES (4, 4, 4, '2017-12-11 18:07:45', '1989-02-06 04:52:45');
INSERT INTO `friendship` (`user_id`, `friend_id`, `status_id`, `requested_at`, `confirmed_at`) VALUES (5, 5, 5, '1999-07-03 16:59:18', '2007-05-04 20:14:24');
INSERT INTO `friendship` (`user_id`, `friend_id`, `status_id`, `requested_at`, `confirmed_at`) VALUES (6, 6, 6, '2020-02-13 12:50:21', '1970-09-16 17:29:25');
INSERT INTO `friendship` (`user_id`, `friend_id`, `status_id`, `requested_at`, `confirmed_at`) VALUES (7, 7, 7, '2003-10-22 22:51:49', '1995-07-20 13:25:04');
INSERT INTO `friendship` (`user_id`, `friend_id`, `status_id`, `requested_at`, `confirmed_at`) VALUES (8, 8, 8, '1973-08-28 05:38:27', '2014-08-08 07:41:17');
INSERT INTO `friendship` (`user_id`, `friend_id`, `status_id`, `requested_at`, `confirmed_at`) VALUES (9, 9, 9, '2010-03-22 17:26:58', '1973-10-12 11:27:23');
INSERT INTO `friendship` (`user_id`, `friend_id`, `status_id`, `requested_at`, `confirmed_at`) VALUES (10, 10, 10, '2006-10-18 10:42:57', '2012-04-10 21:43:16');
INSERT INTO `friendship` (`user_id`, `friend_id`, `status_id`, `requested_at`, `confirmed_at`) VALUES (11, 11, 11, '1986-11-30 07:12:23', '1977-05-18 05:34:03');
INSERT INTO `friendship` (`user_id`, `friend_id`, `status_id`, `requested_at`, `confirmed_at`) VALUES (12, 12, 12, '2011-07-14 20:03:08', '1981-12-18 00:48:03');
INSERT INTO `friendship` (`user_id`, `friend_id`, `status_id`, `requested_at`, `confirmed_at`) VALUES (13, 13, 13, '1987-12-19 03:30:23', '1994-08-03 01:00:05');
INSERT INTO `friendship` (`user_id`, `friend_id`, `status_id`, `requested_at`, `confirmed_at`) VALUES (14, 14, 14, '1978-01-11 03:20:23', '1972-06-15 18:35:11');
INSERT INTO `friendship` (`user_id`, `friend_id`, `status_id`, `requested_at`, `confirmed_at`) VALUES (15, 15, 15, '1987-07-09 03:29:38', '2001-10-22 10:23:50');
INSERT INTO `friendship` (`user_id`, `friend_id`, `status_id`, `requested_at`, `confirmed_at`) VALUES (16, 16, 16, '1990-01-02 22:27:41', '1986-02-04 10:14:46');
INSERT INTO `friendship` (`user_id`, `friend_id`, `status_id`, `requested_at`, `confirmed_at`) VALUES (17, 17, 17, '1999-02-18 06:35:54', '2005-03-15 23:43:56');
INSERT INTO `friendship` (`user_id`, `friend_id`, `status_id`, `requested_at`, `confirmed_at`) VALUES (18, 18, 18, '1975-04-27 11:15:14', '1999-12-27 22:26:47');
INSERT INTO `friendship` (`user_id`, `friend_id`, `status_id`, `requested_at`, `confirmed_at`) VALUES (19, 19, 19, '1981-07-07 01:35:05', '2005-06-27 11:29:15');
INSERT INTO `friendship` (`user_id`, `friend_id`, `status_id`, `requested_at`, `confirmed_at`) VALUES (20, 20, 20, '1985-12-26 06:11:39', '1993-09-28 06:40:32');
INSERT INTO `friendship` (`user_id`, `friend_id`, `status_id`, `requested_at`, `confirmed_at`) VALUES (21, 21, 21, '2019-10-24 15:16:33', '1986-12-09 23:59:18');
INSERT INTO `friendship` (`user_id`, `friend_id`, `status_id`, `requested_at`, `confirmed_at`) VALUES (22, 22, 22, '2015-05-28 03:46:31', '1987-12-10 00:34:48');
INSERT INTO `friendship` (`user_id`, `friend_id`, `status_id`, `requested_at`, `confirmed_at`) VALUES (23, 23, 23, '1981-11-19 03:50:39', '2014-02-24 00:49:32');
INSERT INTO `friendship` (`user_id`, `friend_id`, `status_id`, `requested_at`, `confirmed_at`) VALUES (24, 24, 24, '1998-05-09 13:17:20', '1983-07-30 19:42:55');
INSERT INTO `friendship` (`user_id`, `friend_id`, `status_id`, `requested_at`, `confirmed_at`) VALUES (25, 25, 25, '1995-06-17 10:39:14', '1998-06-19 21:32:43');
INSERT INTO `friendship` (`user_id`, `friend_id`, `status_id`, `requested_at`, `confirmed_at`) VALUES (26, 26, 26, '1986-10-18 18:50:41', '1975-11-25 11:39:20');
INSERT INTO `friendship` (`user_id`, `friend_id`, `status_id`, `requested_at`, `confirmed_at`) VALUES (27, 27, 27, '1982-11-24 07:43:57', '1990-01-10 20:19:11');
INSERT INTO `friendship` (`user_id`, `friend_id`, `status_id`, `requested_at`, `confirmed_at`) VALUES (28, 28, 28, '1989-01-07 04:53:46', '1987-04-25 18:23:21');
INSERT INTO `friendship` (`user_id`, `friend_id`, `status_id`, `requested_at`, `confirmed_at`) VALUES (29, 29, 29, '2002-10-10 18:56:04', '2019-08-28 12:55:14');
INSERT INTO `friendship` (`user_id`, `friend_id`, `status_id`, `requested_at`, `confirmed_at`) VALUES (30, 30, 30, '2013-11-22 10:19:51', '1977-03-02 03:21:16');
INSERT INTO `friendship` (`user_id`, `friend_id`, `status_id`, `requested_at`, `confirmed_at`) VALUES (31, 31, 31, '2006-08-25 07:26:43', '2000-06-06 17:59:17');
INSERT INTO `friendship` (`user_id`, `friend_id`, `status_id`, `requested_at`, `confirmed_at`) VALUES (32, 32, 32, '1978-12-08 19:22:48', '1974-04-16 21:33:58');
INSERT INTO `friendship` (`user_id`, `friend_id`, `status_id`, `requested_at`, `confirmed_at`) VALUES (33, 33, 33, '1994-06-27 06:06:06', '1979-11-28 15:28:43');
INSERT INTO `friendship` (`user_id`, `friend_id`, `status_id`, `requested_at`, `confirmed_at`) VALUES (34, 34, 34, '1988-06-07 19:44:47', '2018-03-18 15:56:29');
INSERT INTO `friendship` (`user_id`, `friend_id`, `status_id`, `requested_at`, `confirmed_at`) VALUES (35, 35, 35, '2014-10-14 11:56:22', '2017-04-24 07:39:07');
INSERT INTO `friendship` (`user_id`, `friend_id`, `status_id`, `requested_at`, `confirmed_at`) VALUES (36, 36, 36, '2006-08-24 00:46:11', '1984-12-24 14:03:24');
INSERT INTO `friendship` (`user_id`, `friend_id`, `status_id`, `requested_at`, `confirmed_at`) VALUES (37, 37, 37, '1997-09-17 20:57:30', '2008-04-07 02:44:57');
INSERT INTO `friendship` (`user_id`, `friend_id`, `status_id`, `requested_at`, `confirmed_at`) VALUES (38, 38, 38, '1995-07-05 18:43:03', '2002-12-03 18:35:34');
INSERT INTO `friendship` (`user_id`, `friend_id`, `status_id`, `requested_at`, `confirmed_at`) VALUES (39, 39, 39, '1981-04-10 17:40:01', '2002-07-30 18:36:36');
INSERT INTO `friendship` (`user_id`, `friend_id`, `status_id`, `requested_at`, `confirmed_at`) VALUES (40, 40, 40, '1997-06-01 11:32:41', '2004-11-17 19:26:54');
INSERT INTO `friendship` (`user_id`, `friend_id`, `status_id`, `requested_at`, `confirmed_at`) VALUES (41, 41, 41, '1977-06-08 19:23:53', '1987-10-10 10:03:43');
INSERT INTO `friendship` (`user_id`, `friend_id`, `status_id`, `requested_at`, `confirmed_at`) VALUES (42, 42, 42, '1995-06-19 17:45:09', '1995-03-24 16:56:39');
INSERT INTO `friendship` (`user_id`, `friend_id`, `status_id`, `requested_at`, `confirmed_at`) VALUES (43, 43, 43, '2017-01-13 19:09:52', '2001-11-21 21:42:47');
INSERT INTO `friendship` (`user_id`, `friend_id`, `status_id`, `requested_at`, `confirmed_at`) VALUES (44, 44, 44, '2008-12-25 12:41:51', '1970-12-17 10:47:20');
INSERT INTO `friendship` (`user_id`, `friend_id`, `status_id`, `requested_at`, `confirmed_at`) VALUES (45, 45, 45, '1970-05-09 11:34:06', '1995-08-15 22:35:22');
INSERT INTO `friendship` (`user_id`, `friend_id`, `status_id`, `requested_at`, `confirmed_at`) VALUES (46, 46, 46, '1982-07-12 07:32:22', '2002-07-06 20:08:53');
INSERT INTO `friendship` (`user_id`, `friend_id`, `status_id`, `requested_at`, `confirmed_at`) VALUES (47, 47, 47, '2013-09-26 16:25:50', '1980-04-15 15:03:29');
INSERT INTO `friendship` (`user_id`, `friend_id`, `status_id`, `requested_at`, `confirmed_at`) VALUES (48, 48, 48, '2014-01-14 16:56:06', '1983-09-30 05:39:49');
INSERT INTO `friendship` (`user_id`, `friend_id`, `status_id`, `requested_at`, `confirmed_at`) VALUES (49, 49, 49, '2018-02-22 09:45:46', '2020-01-18 10:00:24');
INSERT INTO `friendship` (`user_id`, `friend_id`, `status_id`, `requested_at`, `confirmed_at`) VALUES (50, 50, 50, '2012-04-14 15:34:02', '2003-05-19 21:31:26');
INSERT INTO `friendship` (`user_id`, `friend_id`, `status_id`, `requested_at`, `confirmed_at`) VALUES (51, 51, 51, '1975-05-22 06:02:13', '1993-11-07 20:50:48');
INSERT INTO `friendship` (`user_id`, `friend_id`, `status_id`, `requested_at`, `confirmed_at`) VALUES (52, 52, 52, '2013-10-12 04:39:14', '1984-09-16 05:59:41');
INSERT INTO `friendship` (`user_id`, `friend_id`, `status_id`, `requested_at`, `confirmed_at`) VALUES (53, 53, 53, '1998-07-24 04:18:46', '1982-03-11 20:30:42');
INSERT INTO `friendship` (`user_id`, `friend_id`, `status_id`, `requested_at`, `confirmed_at`) VALUES (54, 54, 54, '2017-12-15 15:38:09', '1974-08-28 01:32:59');
INSERT INTO `friendship` (`user_id`, `friend_id`, `status_id`, `requested_at`, `confirmed_at`) VALUES (55, 55, 55, '1998-08-15 14:38:19', '1985-01-02 13:56:19');
INSERT INTO `friendship` (`user_id`, `friend_id`, `status_id`, `requested_at`, `confirmed_at`) VALUES (56, 56, 56, '2007-12-21 16:09:57', '1996-05-24 15:10:51');
INSERT INTO `friendship` (`user_id`, `friend_id`, `status_id`, `requested_at`, `confirmed_at`) VALUES (57, 57, 57, '2012-09-10 23:17:17', '2014-10-31 18:05:50');
INSERT INTO `friendship` (`user_id`, `friend_id`, `status_id`, `requested_at`, `confirmed_at`) VALUES (58, 58, 58, '1999-06-10 08:31:59', '1982-05-06 13:17:34');
INSERT INTO `friendship` (`user_id`, `friend_id`, `status_id`, `requested_at`, `confirmed_at`) VALUES (59, 59, 59, '2013-06-25 04:38:47', '2005-08-01 18:35:58');
INSERT INTO `friendship` (`user_id`, `friend_id`, `status_id`, `requested_at`, `confirmed_at`) VALUES (60, 60, 60, '1970-02-18 00:09:38', '1991-06-19 20:57:30');
INSERT INTO `friendship` (`user_id`, `friend_id`, `status_id`, `requested_at`, `confirmed_at`) VALUES (61, 61, 61, '2011-04-03 15:43:38', '1975-10-04 12:45:25');
INSERT INTO `friendship` (`user_id`, `friend_id`, `status_id`, `requested_at`, `confirmed_at`) VALUES (62, 62, 62, '2015-10-04 16:57:53', '2014-12-03 22:56:04');
INSERT INTO `friendship` (`user_id`, `friend_id`, `status_id`, `requested_at`, `confirmed_at`) VALUES (63, 63, 63, '2011-04-05 23:29:00', '2000-03-07 01:16:30');
INSERT INTO `friendship` (`user_id`, `friend_id`, `status_id`, `requested_at`, `confirmed_at`) VALUES (64, 64, 64, '2007-08-31 23:41:40', '1987-04-20 12:38:23');
INSERT INTO `friendship` (`user_id`, `friend_id`, `status_id`, `requested_at`, `confirmed_at`) VALUES (65, 65, 65, '2011-07-02 21:33:23', '2001-02-25 01:30:22');
INSERT INTO `friendship` (`user_id`, `friend_id`, `status_id`, `requested_at`, `confirmed_at`) VALUES (66, 66, 66, '1996-10-13 06:05:10', '2018-01-06 16:56:41');
INSERT INTO `friendship` (`user_id`, `friend_id`, `status_id`, `requested_at`, `confirmed_at`) VALUES (67, 67, 67, '2001-09-20 21:02:40', '1973-12-14 13:10:59');
INSERT INTO `friendship` (`user_id`, `friend_id`, `status_id`, `requested_at`, `confirmed_at`) VALUES (68, 68, 68, '1972-07-08 21:58:35', '1970-01-01 00:47:16');
INSERT INTO `friendship` (`user_id`, `friend_id`, `status_id`, `requested_at`, `confirmed_at`) VALUES (69, 69, 69, '2014-11-25 05:30:02', '2009-07-15 15:06:09');
INSERT INTO `friendship` (`user_id`, `friend_id`, `status_id`, `requested_at`, `confirmed_at`) VALUES (70, 70, 70, '1994-10-15 06:51:29', '2006-08-24 20:33:21');
INSERT INTO `friendship` (`user_id`, `friend_id`, `status_id`, `requested_at`, `confirmed_at`) VALUES (71, 71, 71, '2000-11-29 22:02:56', '2005-07-29 16:35:29');
INSERT INTO `friendship` (`user_id`, `friend_id`, `status_id`, `requested_at`, `confirmed_at`) VALUES (72, 72, 72, '2000-06-22 07:10:24', '2007-04-23 08:01:15');
INSERT INTO `friendship` (`user_id`, `friend_id`, `status_id`, `requested_at`, `confirmed_at`) VALUES (73, 73, 73, '2016-03-30 13:55:06', '2010-02-16 19:23:01');
INSERT INTO `friendship` (`user_id`, `friend_id`, `status_id`, `requested_at`, `confirmed_at`) VALUES (74, 74, 74, '1990-10-29 09:23:46', '1990-12-31 00:53:38');
INSERT INTO `friendship` (`user_id`, `friend_id`, `status_id`, `requested_at`, `confirmed_at`) VALUES (75, 75, 75, '2011-07-19 11:25:41', '2000-01-15 18:47:43');
INSERT INTO `friendship` (`user_id`, `friend_id`, `status_id`, `requested_at`, `confirmed_at`) VALUES (76, 76, 76, '2001-05-26 16:38:57', '1983-10-29 06:03:26');
INSERT INTO `friendship` (`user_id`, `friend_id`, `status_id`, `requested_at`, `confirmed_at`) VALUES (77, 77, 77, '1977-07-30 05:52:47', '1981-04-20 12:23:37');
INSERT INTO `friendship` (`user_id`, `friend_id`, `status_id`, `requested_at`, `confirmed_at`) VALUES (78, 78, 78, '2015-05-28 07:50:40', '2019-06-22 23:57:08');
INSERT INTO `friendship` (`user_id`, `friend_id`, `status_id`, `requested_at`, `confirmed_at`) VALUES (79, 79, 79, '1990-12-18 21:03:21', '1994-06-09 09:55:48');
INSERT INTO `friendship` (`user_id`, `friend_id`, `status_id`, `requested_at`, `confirmed_at`) VALUES (80, 80, 80, '1992-08-13 12:17:35', '2013-02-28 01:13:19');
INSERT INTO `friendship` (`user_id`, `friend_id`, `status_id`, `requested_at`, `confirmed_at`) VALUES (81, 81, 81, '1980-02-14 18:07:40', '1978-11-27 17:10:28');
INSERT INTO `friendship` (`user_id`, `friend_id`, `status_id`, `requested_at`, `confirmed_at`) VALUES (82, 82, 82, '1998-07-05 12:03:07', '1991-05-03 22:43:39');
INSERT INTO `friendship` (`user_id`, `friend_id`, `status_id`, `requested_at`, `confirmed_at`) VALUES (83, 83, 83, '2003-03-20 05:19:05', '2007-03-04 03:23:55');
INSERT INTO `friendship` (`user_id`, `friend_id`, `status_id`, `requested_at`, `confirmed_at`) VALUES (84, 84, 84, '1983-10-17 11:13:57', '1974-01-23 06:09:08');
INSERT INTO `friendship` (`user_id`, `friend_id`, `status_id`, `requested_at`, `confirmed_at`) VALUES (85, 85, 85, '1985-07-20 13:57:34', '2006-08-30 16:21:16');
INSERT INTO `friendship` (`user_id`, `friend_id`, `status_id`, `requested_at`, `confirmed_at`) VALUES (86, 86, 86, '1970-03-19 13:33:52', '1984-09-29 04:19:43');
INSERT INTO `friendship` (`user_id`, `friend_id`, `status_id`, `requested_at`, `confirmed_at`) VALUES (87, 87, 87, '1978-02-03 21:30:47', '2004-01-10 08:16:10');
INSERT INTO `friendship` (`user_id`, `friend_id`, `status_id`, `requested_at`, `confirmed_at`) VALUES (88, 88, 88, '1970-08-06 19:20:24', '1985-12-27 07:07:32');
INSERT INTO `friendship` (`user_id`, `friend_id`, `status_id`, `requested_at`, `confirmed_at`) VALUES (89, 89, 89, '1974-03-02 07:41:14', '1996-12-27 23:01:39');
INSERT INTO `friendship` (`user_id`, `friend_id`, `status_id`, `requested_at`, `confirmed_at`) VALUES (90, 90, 90, '1998-05-31 07:05:13', '1985-06-14 15:34:18');
INSERT INTO `friendship` (`user_id`, `friend_id`, `status_id`, `requested_at`, `confirmed_at`) VALUES (91, 91, 91, '1983-05-27 13:48:47', '2016-01-03 02:27:41');
INSERT INTO `friendship` (`user_id`, `friend_id`, `status_id`, `requested_at`, `confirmed_at`) VALUES (92, 92, 92, '1996-11-16 19:18:32', '2008-11-16 21:35:05');
INSERT INTO `friendship` (`user_id`, `friend_id`, `status_id`, `requested_at`, `confirmed_at`) VALUES (93, 93, 93, '2015-04-15 21:32:12', '1993-03-06 23:09:28');
INSERT INTO `friendship` (`user_id`, `friend_id`, `status_id`, `requested_at`, `confirmed_at`) VALUES (94, 94, 94, '1982-11-14 13:08:01', '1971-09-10 01:46:53');
INSERT INTO `friendship` (`user_id`, `friend_id`, `status_id`, `requested_at`, `confirmed_at`) VALUES (95, 95, 95, '1986-08-23 21:14:33', '2007-09-28 05:24:43');
INSERT INTO `friendship` (`user_id`, `friend_id`, `status_id`, `requested_at`, `confirmed_at`) VALUES (96, 96, 96, '1992-01-30 07:54:10', '2007-07-01 07:11:54');
INSERT INTO `friendship` (`user_id`, `friend_id`, `status_id`, `requested_at`, `confirmed_at`) VALUES (97, 97, 97, '1997-09-13 12:23:24', '1976-09-28 19:46:37');
INSERT INTO `friendship` (`user_id`, `friend_id`, `status_id`, `requested_at`, `confirmed_at`) VALUES (98, 98, 98, '1979-09-18 01:26:02', '1990-09-19 15:03:14');
INSERT INTO `friendship` (`user_id`, `friend_id`, `status_id`, `requested_at`, `confirmed_at`) VALUES (99, 99, 99, '1982-04-27 12:17:01', '1990-03-26 03:34:26');
INSERT INTO `friendship` (`user_id`, `friend_id`, `status_id`, `requested_at`, `confirmed_at`) VALUES (100, 100, 100, '1984-08-17 01:41:13', '2000-10-11 19:53:09');


#
# TABLE STRUCTURE FOR: friendship_statuses
#

DROP TABLE IF EXISTS `friendship_statuses`;

CREATE TABLE `friendship_statuses` (
  `id` int(10) unsigned NOT NULL AUTO_INCREMENT,
  `name` varchar(150) COLLATE utf8_unicode_ci NOT NULL,
  PRIMARY KEY (`id`),
  UNIQUE KEY `name` (`name`)
) ENGINE=InnoDB AUTO_INCREMENT=101 DEFAULT CHARSET=utf8 COLLATE=utf8_unicode_ci;

INSERT INTO `friendship_statuses` (`id`, `name`) VALUES (84, 'Ab molestiae dolorem voluptatem sed officia cum illum qui.');
INSERT INTO `friendship_statuses` (`id`, `name`) VALUES (41, 'Accusantium ducimus natus ut illo voluptas.');
INSERT INTO `friendship_statuses` (`id`, `name`) VALUES (83, 'Accusantium placeat rerum rerum ab.');
INSERT INTO `friendship_statuses` (`id`, `name`) VALUES (88, 'Adipisci ratione quasi omnis consequatur.');
INSERT INTO `friendship_statuses` (`id`, `name`) VALUES (4, 'Alias rerum nihil tempore rerum quas sint at.');
INSERT INTO `friendship_statuses` (`id`, `name`) VALUES (90, 'Amet reprehenderit vel nihil quaerat sit.');
INSERT INTO `friendship_statuses` (`id`, `name`) VALUES (26, 'Aperiam excepturi consequatur pariatur eaque non sed qui.');
INSERT INTO `friendship_statuses` (`id`, `name`) VALUES (34, 'Aperiam voluptatem autem vero voluptatem aut cumque dolorum.');
INSERT INTO `friendship_statuses` (`id`, `name`) VALUES (92, 'Assumenda repudiandae est magni commodi.');
INSERT INTO `friendship_statuses` (`id`, `name`) VALUES (73, 'Aut repudiandae dolorum explicabo voluptas vitae.');
INSERT INTO `friendship_statuses` (`id`, `name`) VALUES (96, 'Autem officia aut placeat esse aut.');
INSERT INTO `friendship_statuses` (`id`, `name`) VALUES (15, 'Autem omnis dicta blanditiis necessitatibus non.');
INSERT INTO `friendship_statuses` (`id`, `name`) VALUES (27, 'Beatae hic minus tempora voluptatem.');
INSERT INTO `friendship_statuses` (`id`, `name`) VALUES (22, 'Commodi enim et sed aut sint aut.');
INSERT INTO `friendship_statuses` (`id`, `name`) VALUES (53, 'Consectetur quidem eum quo.');
INSERT INTO `friendship_statuses` (`id`, `name`) VALUES (7, 'Consequatur recusandae inventore qui adipisci consectetur eos nulla.');
INSERT INTO `friendship_statuses` (`id`, `name`) VALUES (18, 'Corporis et dignissimos illo rerum molestiae.');
INSERT INTO `friendship_statuses` (`id`, `name`) VALUES (65, 'Corrupti pariatur nesciunt culpa.');
INSERT INTO `friendship_statuses` (`id`, `name`) VALUES (20, 'Corrupti saepe accusamus blanditiis qui.');
INSERT INTO `friendship_statuses` (`id`, `name`) VALUES (89, 'Debitis aliquid tempora alias ducimus dolore voluptatem est.');
INSERT INTO `friendship_statuses` (`id`, `name`) VALUES (74, 'Debitis est vel molestias perspiciatis necessitatibus non rerum.');
INSERT INTO `friendship_statuses` (`id`, `name`) VALUES (67, 'Dolore consequatur quis rerum necessitatibus.');
INSERT INTO `friendship_statuses` (`id`, `name`) VALUES (44, 'Doloribus a in soluta est dolor corrupti.');
INSERT INTO `friendship_statuses` (`id`, `name`) VALUES (56, 'Ea et aut esse dicta et magni.');
INSERT INTO `friendship_statuses` (`id`, `name`) VALUES (42, 'Eius aut est deleniti ab ea illo quidem molestiae.');
INSERT INTO `friendship_statuses` (`id`, `name`) VALUES (3, 'Eius unde qui dolor unde soluta rerum.');
INSERT INTO `friendship_statuses` (`id`, `name`) VALUES (76, 'Eos beatae placeat et iure.');
INSERT INTO `friendship_statuses` (`id`, `name`) VALUES (79, 'Error magnam minus aut ea.');
INSERT INTO `friendship_statuses` (`id`, `name`) VALUES (94, 'Esse commodi nisi repellat sit rerum iusto.');
INSERT INTO `friendship_statuses` (`id`, `name`) VALUES (16, 'Est reprehenderit laudantium reprehenderit enim accusamus magni quo.');
INSERT INTO `friendship_statuses` (`id`, `name`) VALUES (50, 'Et consequatur eos qui et.');
INSERT INTO `friendship_statuses` (`id`, `name`) VALUES (48, 'Et delectus quasi qui voluptate nulla eveniet.');
INSERT INTO `friendship_statuses` (`id`, `name`) VALUES (40, 'Et eligendi et qui veritatis et minima unde.');
INSERT INTO `friendship_statuses` (`id`, `name`) VALUES (19, 'Et id est dolores.');
INSERT INTO `friendship_statuses` (`id`, `name`) VALUES (91, 'Et officia tenetur accusamus qui sint.');
INSERT INTO `friendship_statuses` (`id`, `name`) VALUES (2, 'Et qui ad et consequatur.');
INSERT INTO `friendship_statuses` (`id`, `name`) VALUES (58, 'Et quia neque tempore modi molestiae fuga consectetur.');
INSERT INTO `friendship_statuses` (`id`, `name`) VALUES (82, 'Eum ipsam reprehenderit quaerat omnis nam atque.');
INSERT INTO `friendship_statuses` (`id`, `name`) VALUES (36, 'Eum quia alias soluta eos ut quo aut dolorem.');
INSERT INTO `friendship_statuses` (`id`, `name`) VALUES (30, 'Eum voluptate sunt sint cumque aut.');
INSERT INTO `friendship_statuses` (`id`, `name`) VALUES (8, 'Eveniet nam saepe vitae quis qui nobis deserunt est.');
INSERT INTO `friendship_statuses` (`id`, `name`) VALUES (62, 'Eveniet sunt molestiae et velit.');
INSERT INTO `friendship_statuses` (`id`, `name`) VALUES (97, 'Facere hic quae aut ut rem omnis.');
INSERT INTO `friendship_statuses` (`id`, `name`) VALUES (51, 'Id qui aut omnis non eligendi aperiam fuga earum.');
INSERT INTO `friendship_statuses` (`id`, `name`) VALUES (77, 'Id quisquam rerum optio architecto maxime.');
INSERT INTO `friendship_statuses` (`id`, `name`) VALUES (47, 'Id sed non quas dolore.');
INSERT INTO `friendship_statuses` (`id`, `name`) VALUES (1, 'In iusto ducimus ea expedita dicta quaerat.');
INSERT INTO `friendship_statuses` (`id`, `name`) VALUES (31, 'Incidunt debitis ullam consequatur non vero vero.');
INSERT INTO `friendship_statuses` (`id`, `name`) VALUES (80, 'Ipsa dolorem expedita maiores deserunt debitis occaecati.');
INSERT INTO `friendship_statuses` (`id`, `name`) VALUES (72, 'Ipsam qui soluta autem omnis est.');
INSERT INTO `friendship_statuses` (`id`, `name`) VALUES (14, 'Itaque voluptate voluptatem ut voluptates delectus sunt.');
INSERT INTO `friendship_statuses` (`id`, `name`) VALUES (99, 'Iure ut maiores in blanditiis et nihil illo.');
INSERT INTO `friendship_statuses` (`id`, `name`) VALUES (61, 'Maiores dolor hic quia amet sunt doloremque magni.');
INSERT INTO `friendship_statuses` (`id`, `name`) VALUES (64, 'Maiores sequi dolores et eius quos pariatur id.');
INSERT INTO `friendship_statuses` (`id`, `name`) VALUES (35, 'Mollitia commodi sed incidunt assumenda ullam quia.');
INSERT INTO `friendship_statuses` (`id`, `name`) VALUES (38, 'Mollitia sit vel est quisquam consequuntur alias.');
INSERT INTO `friendship_statuses` (`id`, `name`) VALUES (43, 'Necessitatibus minima rerum ab ab.');
INSERT INTO `friendship_statuses` (`id`, `name`) VALUES (78, 'Nihil ipsa in enim qui nihil placeat.');
INSERT INTO `friendship_statuses` (`id`, `name`) VALUES (37, 'Nihil non distinctio molestiae unde error in voluptate.');
INSERT INTO `friendship_statuses` (`id`, `name`) VALUES (70, 'Nostrum qui repellat quidem similique totam ut voluptatibus.');
INSERT INTO `friendship_statuses` (`id`, `name`) VALUES (39, 'Numquam et optio voluptate animi voluptates porro.');
INSERT INTO `friendship_statuses` (`id`, `name`) VALUES (28, 'Numquam odio ad consectetur est qui.');
INSERT INTO `friendship_statuses` (`id`, `name`) VALUES (75, 'Officia voluptatem sed voluptatem consectetur.');
INSERT INTO `friendship_statuses` (`id`, `name`) VALUES (95, 'Omnis ex assumenda dolor.');
INSERT INTO `friendship_statuses` (`id`, `name`) VALUES (49, 'Omnis ipsam ex quia ducimus eveniet a explicabo modi.');
INSERT INTO `friendship_statuses` (`id`, `name`) VALUES (57, 'Omnis non eum delectus aut cum incidunt.');
INSERT INTO `friendship_statuses` (`id`, `name`) VALUES (86, 'Perferendis dolores ea voluptas voluptatem porro.');
INSERT INTO `friendship_statuses` (`id`, `name`) VALUES (59, 'Porro sequi ratione tempora aliquid iusto dolorem.');
INSERT INTO `friendship_statuses` (`id`, `name`) VALUES (87, 'Porro voluptatum soluta soluta enim quia.');
INSERT INTO `friendship_statuses` (`id`, `name`) VALUES (60, 'Quae eligendi repudiandae dolorum hic est minus odio.');
INSERT INTO `friendship_statuses` (`id`, `name`) VALUES (46, 'Quaerat voluptatem corporis ea ut aperiam.');
INSERT INTO `friendship_statuses` (`id`, `name`) VALUES (93, 'Quasi quo rem dignissimos alias quisquam mollitia recusandae veritatis.');
INSERT INTO `friendship_statuses` (`id`, `name`) VALUES (63, 'Qui aut rerum unde qui et distinctio.');
INSERT INTO `friendship_statuses` (`id`, `name`) VALUES (17, 'Quia commodi et quam.');
INSERT INTO `friendship_statuses` (`id`, `name`) VALUES (6, 'Quia quis maiores et aperiam iste.');
INSERT INTO `friendship_statuses` (`id`, `name`) VALUES (24, 'Quia voluptates amet voluptate officia porro et.');
INSERT INTO `friendship_statuses` (`id`, `name`) VALUES (68, 'Quidem et voluptas est corrupti aspernatur cupiditate nisi mollitia.');
INSERT INTO `friendship_statuses` (`id`, `name`) VALUES (71, 'Quo earum voluptate nobis nemo.');
INSERT INTO `friendship_statuses` (`id`, `name`) VALUES (100, 'Quod aut dolor laboriosam quod ipsum nobis nostrum quam.');
INSERT INTO `friendship_statuses` (`id`, `name`) VALUES (10, 'Quod numquam culpa molestiae voluptas.');
INSERT INTO `friendship_statuses` (`id`, `name`) VALUES (9, 'Ratione eos aut quam ea quos hic.');
INSERT INTO `friendship_statuses` (`id`, `name`) VALUES (85, 'Recusandae rerum error suscipit possimus explicabo molestiae sunt illum.');
INSERT INTO `friendship_statuses` (`id`, `name`) VALUES (5, 'Repudiandae cupiditate fuga ut mollitia quisquam magni amet aut.');
INSERT INTO `friendship_statuses` (`id`, `name`) VALUES (52, 'Repudiandae nesciunt amet minus debitis similique sapiente reprehenderit.');
INSERT INTO `friendship_statuses` (`id`, `name`) VALUES (29, 'Rerum quibusdam id enim quia consectetur quos nam.');
INSERT INTO `friendship_statuses` (`id`, `name`) VALUES (13, 'Rerum quo unde voluptas.');
INSERT INTO `friendship_statuses` (`id`, `name`) VALUES (12, 'Sed deserunt facere qui vel magni deserunt officiis.');
INSERT INTO `friendship_statuses` (`id`, `name`) VALUES (98, 'Tempora et et atque unde rerum.');
INSERT INTO `friendship_statuses` (`id`, `name`) VALUES (11, 'Tenetur delectus illo omnis est fugiat.');
INSERT INTO `friendship_statuses` (`id`, `name`) VALUES (33, 'Totam cum fuga aperiam atque nihil qui et non.');
INSERT INTO `friendship_statuses` (`id`, `name`) VALUES (32, 'Ullam eius consequatur voluptas dolorum illum perferendis.');
INSERT INTO `friendship_statuses` (`id`, `name`) VALUES (23, 'Ullam odio dolores et rerum velit delectus consequuntur.');
INSERT INTO `friendship_statuses` (`id`, `name`) VALUES (55, 'Unde aut sed esse suscipit voluptatem quia quos.');
INSERT INTO `friendship_statuses` (`id`, `name`) VALUES (21, 'Ut incidunt ratione dolor quis enim explicabo.');
INSERT INTO `friendship_statuses` (`id`, `name`) VALUES (69, 'Ut nobis iusto blanditiis libero et temporibus quia.');
INSERT INTO `friendship_statuses` (`id`, `name`) VALUES (54, 'Ut sint ut esse dolores.');
INSERT INTO `friendship_statuses` (`id`, `name`) VALUES (81, 'Vel distinctio voluptas nesciunt et autem.');
INSERT INTO `friendship_statuses` (`id`, `name`) VALUES (25, 'Voluptas possimus aliquam odio et.');
INSERT INTO `friendship_statuses` (`id`, `name`) VALUES (66, 'Voluptates corrupti numquam debitis libero voluptatem.');
INSERT INTO `friendship_statuses` (`id`, `name`) VALUES (45, 'Voluptatum vel quia eaque quasi repellendus hic.');


#
# TABLE STRUCTURE FOR: media
#

DROP TABLE IF EXISTS `media`;

CREATE TABLE `media` (
  `id` int(10) unsigned NOT NULL AUTO_INCREMENT,
  `media_type_id` int(10) unsigned NOT NULL,
  `user_id` int(10) unsigned NOT NULL,
  `filename` varchar(255) COLLATE utf8_unicode_ci NOT NULL,
  `size` int(10) unsigned NOT NULL,
  `metadata` longtext CHARACTER SET utf8mb4 COLLATE utf8mb4_bin DEFAULT NULL,
  `created_at` datetime DEFAULT current_timestamp(),
  `updated_at` datetime DEFAULT current_timestamp() ON UPDATE current_timestamp(),
  PRIMARY KEY (`id`)
) ENGINE=InnoDB AUTO_INCREMENT=101 DEFAULT CHARSET=utf8 COLLATE=utf8_unicode_ci;

INSERT INTO `media` (`id`, `media_type_id`, `user_id`, `filename`, `size`, `metadata`, `created_at`, `updated_at`) VALUES (1, 1, 1, 'accusantium', 11702, '', '2002-08-19 15:41:18', '1975-06-08 06:45:45');
INSERT INTO `media` (`id`, `media_type_id`, `user_id`, `filename`, `size`, `metadata`, `created_at`, `updated_at`) VALUES (2, 2, 2, 'aspernatur', 0, '', '1970-01-20 02:27:21', '2017-12-05 13:13:07');
INSERT INTO `media` (`id`, `media_type_id`, `user_id`, `filename`, `size`, `metadata`, `created_at`, `updated_at`) VALUES (3, 3, 3, 'quia', 9878324, '', '1972-04-27 04:38:10', '2002-08-19 05:59:40');
INSERT INTO `media` (`id`, `media_type_id`, `user_id`, `filename`, `size`, `metadata`, `created_at`, `updated_at`) VALUES (4, 4, 4, 'nesciunt', 511572, '{\"a\":1}', '2019-06-09 11:42:16', '1972-01-22 19:45:55');
INSERT INTO `media` (`id`, `media_type_id`, `user_id`, `filename`, `size`, `metadata`, `created_at`, `updated_at`) VALUES (5, 5, 5, 'nemo', 553789, '', '1974-12-03 15:34:16', '1993-01-15 00:26:00');
INSERT INTO `media` (`id`, `media_type_id`, `user_id`, `filename`, `size`, `metadata`, `created_at`, `updated_at`) VALUES (6, 6, 6, 'quam', 1131625, '', '1993-09-10 03:04:48', '2013-12-09 21:03:41');
INSERT INTO `media` (`id`, `media_type_id`, `user_id`, `filename`, `size`, `metadata`, `created_at`, `updated_at`) VALUES (7, 7, 7, 'impedit', 295492039, '', '1971-03-18 13:01:29', '2011-09-24 11:23:16');
INSERT INTO `media` (`id`, `media_type_id`, `user_id`, `filename`, `size`, `metadata`, `created_at`, `updated_at`) VALUES (8, 8, 8, 'officia', 84449829, '{\"a\":1}', '2011-04-03 01:27:30', '1978-11-21 21:06:25');
INSERT INTO `media` (`id`, `media_type_id`, `user_id`, `filename`, `size`, `metadata`, `created_at`, `updated_at`) VALUES (9, 9, 9, 'quis', 66066, '{\"c\":3}', '1996-06-13 14:26:54', '1986-12-03 23:34:51');
INSERT INTO `media` (`id`, `media_type_id`, `user_id`, `filename`, `size`, `metadata`, `created_at`, `updated_at`) VALUES (10, 10, 10, 'tempore', 79578, '{\"a\":1}', '2018-06-28 01:10:38', '1982-05-12 16:51:02');
INSERT INTO `media` (`id`, `media_type_id`, `user_id`, `filename`, `size`, `metadata`, `created_at`, `updated_at`) VALUES (11, 11, 11, 'aut', 216929354, '{\"a\":1}', '1971-05-25 01:34:58', '1982-09-11 02:41:50');
INSERT INTO `media` (`id`, `media_type_id`, `user_id`, `filename`, `size`, `metadata`, `created_at`, `updated_at`) VALUES (12, 12, 12, 'aut', 41108, '', '1996-03-01 09:15:15', '2018-07-17 18:17:28');
INSERT INTO `media` (`id`, `media_type_id`, `user_id`, `filename`, `size`, `metadata`, `created_at`, `updated_at`) VALUES (13, 13, 13, 'quas', 71953867, '{\"b\":2}', '1972-02-24 17:01:29', '1985-03-05 05:28:29');
INSERT INTO `media` (`id`, `media_type_id`, `user_id`, `filename`, `size`, `metadata`, `created_at`, `updated_at`) VALUES (14, 14, 14, 'eaque', 4030, '{\"b\":2}', '1974-07-20 08:44:45', '1995-09-17 10:49:52');
INSERT INTO `media` (`id`, `media_type_id`, `user_id`, `filename`, `size`, `metadata`, `created_at`, `updated_at`) VALUES (15, 15, 15, 'animi', 89825778, '{\"b\":2}', '2007-04-20 02:23:09', '2010-08-18 14:50:33');
INSERT INTO `media` (`id`, `media_type_id`, `user_id`, `filename`, `size`, `metadata`, `created_at`, `updated_at`) VALUES (16, 16, 16, 'quisquam', 93, '{\"c\":3}', '1970-10-30 05:45:02', '1977-02-27 22:00:31');
INSERT INTO `media` (`id`, `media_type_id`, `user_id`, `filename`, `size`, `metadata`, `created_at`, `updated_at`) VALUES (17, 17, 17, 'est', 315670202, '{\"b\":2}', '1979-11-08 18:26:29', '2005-01-02 14:37:48');
INSERT INTO `media` (`id`, `media_type_id`, `user_id`, `filename`, `size`, `metadata`, `created_at`, `updated_at`) VALUES (18, 18, 18, 'est', 9952, '{\"a\":1}', '1988-11-22 16:53:44', '2000-01-07 09:57:43');
INSERT INTO `media` (`id`, `media_type_id`, `user_id`, `filename`, `size`, `metadata`, `created_at`, `updated_at`) VALUES (19, 19, 19, 'voluptas', 288461136, '{\"c\":3}', '1972-12-28 07:29:22', '2013-12-13 11:34:13');
INSERT INTO `media` (`id`, `media_type_id`, `user_id`, `filename`, `size`, `metadata`, `created_at`, `updated_at`) VALUES (20, 20, 20, 'molestiae', 1695, '{\"b\":2}', '2018-07-27 17:20:32', '1995-01-16 23:51:14');
INSERT INTO `media` (`id`, `media_type_id`, `user_id`, `filename`, `size`, `metadata`, `created_at`, `updated_at`) VALUES (21, 21, 21, 'ut', 0, '', '1981-11-09 10:55:12', '1970-05-14 17:27:44');
INSERT INTO `media` (`id`, `media_type_id`, `user_id`, `filename`, `size`, `metadata`, `created_at`, `updated_at`) VALUES (22, 22, 22, 'enim', 0, '{\"a\":1}', '2017-12-25 19:34:30', '1982-01-03 09:49:38');
INSERT INTO `media` (`id`, `media_type_id`, `user_id`, `filename`, `size`, `metadata`, `created_at`, `updated_at`) VALUES (23, 23, 23, 'vero', 4979, '{\"c\":3}', '1974-08-10 08:54:00', '2002-06-02 01:39:23');
INSERT INTO `media` (`id`, `media_type_id`, `user_id`, `filename`, `size`, `metadata`, `created_at`, `updated_at`) VALUES (24, 24, 24, 'ipsam', 7, '{\"a\":1}', '1970-04-28 00:04:18', '2015-03-03 03:07:08');
INSERT INTO `media` (`id`, `media_type_id`, `user_id`, `filename`, `size`, `metadata`, `created_at`, `updated_at`) VALUES (25, 25, 25, 'reiciendis', 894, '{\"b\":2}', '2016-06-16 00:33:49', '2011-08-24 19:02:16');
INSERT INTO `media` (`id`, `media_type_id`, `user_id`, `filename`, `size`, `metadata`, `created_at`, `updated_at`) VALUES (26, 26, 26, 'in', 745503047, '{\"b\":2}', '1978-11-05 17:05:07', '2010-04-22 16:10:16');
INSERT INTO `media` (`id`, `media_type_id`, `user_id`, `filename`, `size`, `metadata`, `created_at`, `updated_at`) VALUES (27, 27, 27, 'tempora', 862722057, '{\"b\":2}', '1975-02-24 13:44:46', '1985-12-28 01:12:17');
INSERT INTO `media` (`id`, `media_type_id`, `user_id`, `filename`, `size`, `metadata`, `created_at`, `updated_at`) VALUES (28, 28, 28, 'earum', 1554, '{\"c\":3}', '1979-02-26 03:08:11', '1989-03-29 17:30:31');
INSERT INTO `media` (`id`, `media_type_id`, `user_id`, `filename`, `size`, `metadata`, `created_at`, `updated_at`) VALUES (29, 29, 29, 'tenetur', 396, '{\"b\":2}', '1972-12-17 16:47:54', '2003-03-07 04:31:27');
INSERT INTO `media` (`id`, `media_type_id`, `user_id`, `filename`, `size`, `metadata`, `created_at`, `updated_at`) VALUES (30, 30, 30, 'ipsam', 606, '{\"c\":3}', '1980-10-15 15:48:32', '2018-02-06 16:21:09');
INSERT INTO `media` (`id`, `media_type_id`, `user_id`, `filename`, `size`, `metadata`, `created_at`, `updated_at`) VALUES (31, 31, 31, 'ut', 7, '{\"c\":3}', '1998-09-02 00:55:24', '1998-07-12 17:15:45');
INSERT INTO `media` (`id`, `media_type_id`, `user_id`, `filename`, `size`, `metadata`, `created_at`, `updated_at`) VALUES (32, 32, 32, 'quia', 23696, '{\"b\":2}', '2000-05-02 20:11:09', '2010-06-06 07:17:45');
INSERT INTO `media` (`id`, `media_type_id`, `user_id`, `filename`, `size`, `metadata`, `created_at`, `updated_at`) VALUES (33, 33, 33, 'nam', 683405, '{\"b\":2}', '2010-07-25 22:01:54', '1973-07-13 02:38:00');
INSERT INTO `media` (`id`, `media_type_id`, `user_id`, `filename`, `size`, `metadata`, `created_at`, `updated_at`) VALUES (34, 34, 34, 'illo', 59, '{\"a\":1}', '1977-01-06 20:04:12', '1978-05-24 20:10:57');
INSERT INTO `media` (`id`, `media_type_id`, `user_id`, `filename`, `size`, `metadata`, `created_at`, `updated_at`) VALUES (35, 35, 35, 'veritatis', 450, '{\"c\":3}', '1987-01-16 15:41:56', '1982-11-10 18:37:21');
INSERT INTO `media` (`id`, `media_type_id`, `user_id`, `filename`, `size`, `metadata`, `created_at`, `updated_at`) VALUES (36, 36, 36, 'aut', 1, '{\"a\":1}', '1978-10-25 21:02:28', '2004-08-10 10:40:07');
INSERT INTO `media` (`id`, `media_type_id`, `user_id`, `filename`, `size`, `metadata`, `created_at`, `updated_at`) VALUES (37, 37, 37, 'sed', 0, '{\"b\":2}', '2018-09-02 20:29:01', '1975-10-04 06:37:13');
INSERT INTO `media` (`id`, `media_type_id`, `user_id`, `filename`, `size`, `metadata`, `created_at`, `updated_at`) VALUES (38, 38, 38, 'perferendis', 89, '', '2014-03-31 02:37:07', '1989-07-31 11:53:35');
INSERT INTO `media` (`id`, `media_type_id`, `user_id`, `filename`, `size`, `metadata`, `created_at`, `updated_at`) VALUES (39, 39, 39, 'asperiores', 409059272, '', '2013-09-08 19:08:19', '2000-05-07 10:36:34');
INSERT INTO `media` (`id`, `media_type_id`, `user_id`, `filename`, `size`, `metadata`, `created_at`, `updated_at`) VALUES (40, 40, 40, 'eum', 674, '', '1973-03-29 23:54:55', '1975-12-15 02:11:51');
INSERT INTO `media` (`id`, `media_type_id`, `user_id`, `filename`, `size`, `metadata`, `created_at`, `updated_at`) VALUES (41, 41, 41, 'hic', 0, '{\"a\":1}', '1986-11-18 21:37:38', '1970-10-20 11:47:59');
INSERT INTO `media` (`id`, `media_type_id`, `user_id`, `filename`, `size`, `metadata`, `created_at`, `updated_at`) VALUES (42, 42, 42, 'ut', 181188818, '{\"c\":3}', '1996-11-06 19:16:15', '1993-07-21 02:03:41');
INSERT INTO `media` (`id`, `media_type_id`, `user_id`, `filename`, `size`, `metadata`, `created_at`, `updated_at`) VALUES (43, 43, 43, 'dolorem', 292375, '{\"b\":2}', '1971-06-25 09:33:00', '1981-12-09 20:45:15');
INSERT INTO `media` (`id`, `media_type_id`, `user_id`, `filename`, `size`, `metadata`, `created_at`, `updated_at`) VALUES (44, 44, 44, 'rem', 164890, '{\"b\":2}', '2009-07-17 11:39:24', '2018-02-06 16:18:48');
INSERT INTO `media` (`id`, `media_type_id`, `user_id`, `filename`, `size`, `metadata`, `created_at`, `updated_at`) VALUES (45, 45, 45, 'consectetur', 980041424, '', '1986-10-07 15:28:30', '1988-09-10 17:38:41');
INSERT INTO `media` (`id`, `media_type_id`, `user_id`, `filename`, `size`, `metadata`, `created_at`, `updated_at`) VALUES (46, 46, 46, 'itaque', 2, '{\"a\":1}', '1982-04-03 14:55:14', '1997-02-20 14:56:24');
INSERT INTO `media` (`id`, `media_type_id`, `user_id`, `filename`, `size`, `metadata`, `created_at`, `updated_at`) VALUES (47, 47, 47, 'corporis', 4, '{\"a\":1}', '2001-09-06 17:38:07', '1972-04-20 20:00:33');
INSERT INTO `media` (`id`, `media_type_id`, `user_id`, `filename`, `size`, `metadata`, `created_at`, `updated_at`) VALUES (48, 48, 48, 'iste', 28433808, '', '2006-10-21 04:58:24', '1978-08-14 00:22:49');
INSERT INTO `media` (`id`, `media_type_id`, `user_id`, `filename`, `size`, `metadata`, `created_at`, `updated_at`) VALUES (49, 49, 49, 'rerum', 0, '', '1970-04-16 04:58:12', '1982-03-30 23:56:37');
INSERT INTO `media` (`id`, `media_type_id`, `user_id`, `filename`, `size`, `metadata`, `created_at`, `updated_at`) VALUES (50, 50, 50, 'officia', 89, '{\"b\":2}', '1999-06-07 16:41:50', '1984-06-02 02:52:26');
INSERT INTO `media` (`id`, `media_type_id`, `user_id`, `filename`, `size`, `metadata`, `created_at`, `updated_at`) VALUES (51, 51, 51, 'corrupti', 993695548, '', '1981-05-30 05:13:12', '1979-04-24 21:17:45');
INSERT INTO `media` (`id`, `media_type_id`, `user_id`, `filename`, `size`, `metadata`, `created_at`, `updated_at`) VALUES (52, 52, 52, 'vel', 68, '{\"b\":2}', '1976-08-29 15:34:57', '2019-04-28 09:16:57');
INSERT INTO `media` (`id`, `media_type_id`, `user_id`, `filename`, `size`, `metadata`, `created_at`, `updated_at`) VALUES (53, 53, 53, 'laborum', 10, '{\"b\":2}', '1970-11-12 10:24:54', '1989-10-17 10:38:36');
INSERT INTO `media` (`id`, `media_type_id`, `user_id`, `filename`, `size`, `metadata`, `created_at`, `updated_at`) VALUES (54, 54, 54, 'aperiam', 79647452, '{\"c\":3}', '2017-03-11 09:50:14', '1974-12-20 22:47:43');
INSERT INTO `media` (`id`, `media_type_id`, `user_id`, `filename`, `size`, `metadata`, `created_at`, `updated_at`) VALUES (55, 55, 55, 'sed', 16487, '{\"a\":1}', '2013-11-09 14:00:54', '1999-12-06 22:33:27');
INSERT INTO `media` (`id`, `media_type_id`, `user_id`, `filename`, `size`, `metadata`, `created_at`, `updated_at`) VALUES (56, 56, 56, 'maiores', 848808457, '{\"a\":1}', '1996-01-27 17:54:03', '2019-01-22 10:17:25');
INSERT INTO `media` (`id`, `media_type_id`, `user_id`, `filename`, `size`, `metadata`, `created_at`, `updated_at`) VALUES (57, 57, 57, 'deserunt', 771862, '', '1987-10-29 08:47:17', '1988-12-12 04:31:23');
INSERT INTO `media` (`id`, `media_type_id`, `user_id`, `filename`, `size`, `metadata`, `created_at`, `updated_at`) VALUES (58, 58, 58, 'ut', 2, '{\"a\":1}', '1988-04-13 22:04:19', '1986-09-29 05:36:35');
INSERT INTO `media` (`id`, `media_type_id`, `user_id`, `filename`, `size`, `metadata`, `created_at`, `updated_at`) VALUES (59, 59, 59, 'fugiat', 340, '{\"a\":1}', '2001-10-23 17:16:29', '2009-01-04 01:30:43');
INSERT INTO `media` (`id`, `media_type_id`, `user_id`, `filename`, `size`, `metadata`, `created_at`, `updated_at`) VALUES (60, 60, 60, 'aut', 6711003, '{\"a\":1}', '1988-01-16 23:24:57', '2011-02-16 23:28:24');
INSERT INTO `media` (`id`, `media_type_id`, `user_id`, `filename`, `size`, `metadata`, `created_at`, `updated_at`) VALUES (61, 61, 61, 'accusamus', 791, '', '1974-05-16 16:50:32', '2003-02-28 07:15:06');
INSERT INTO `media` (`id`, `media_type_id`, `user_id`, `filename`, `size`, `metadata`, `created_at`, `updated_at`) VALUES (62, 62, 62, 'repellendus', 15049309, '{\"c\":3}', '1985-10-16 00:42:23', '2006-07-11 22:14:26');
INSERT INTO `media` (`id`, `media_type_id`, `user_id`, `filename`, `size`, `metadata`, `created_at`, `updated_at`) VALUES (63, 63, 63, 'voluptas', 84, '', '2003-01-02 14:56:26', '1993-10-25 20:31:38');
INSERT INTO `media` (`id`, `media_type_id`, `user_id`, `filename`, `size`, `metadata`, `created_at`, `updated_at`) VALUES (64, 64, 64, 'provident', 593, '{\"a\":1}', '2000-11-11 00:14:50', '1998-03-11 11:30:39');
INSERT INTO `media` (`id`, `media_type_id`, `user_id`, `filename`, `size`, `metadata`, `created_at`, `updated_at`) VALUES (65, 65, 65, 'alias', 0, '{\"b\":2}', '1983-10-03 18:02:39', '2002-02-25 11:47:08');
INSERT INTO `media` (`id`, `media_type_id`, `user_id`, `filename`, `size`, `metadata`, `created_at`, `updated_at`) VALUES (66, 66, 66, 'reprehenderit', 228, '{\"a\":1}', '2000-04-29 16:35:01', '1986-09-15 19:53:33');
INSERT INTO `media` (`id`, `media_type_id`, `user_id`, `filename`, `size`, `metadata`, `created_at`, `updated_at`) VALUES (67, 67, 67, 'necessitatibus', 21, '', '1986-02-23 05:54:49', '1981-02-11 06:17:44');
INSERT INTO `media` (`id`, `media_type_id`, `user_id`, `filename`, `size`, `metadata`, `created_at`, `updated_at`) VALUES (68, 68, 68, 'et', 910, '{\"a\":1}', '1993-12-23 06:56:09', '1989-04-13 17:56:39');
INSERT INTO `media` (`id`, `media_type_id`, `user_id`, `filename`, `size`, `metadata`, `created_at`, `updated_at`) VALUES (69, 69, 69, 'adipisci', 9342, '{\"a\":1}', '1982-06-11 08:24:23', '1970-10-01 17:29:16');
INSERT INTO `media` (`id`, `media_type_id`, `user_id`, `filename`, `size`, `metadata`, `created_at`, `updated_at`) VALUES (70, 70, 70, 'autem', 6433, '', '2015-10-09 22:46:40', '2001-07-07 20:05:09');
INSERT INTO `media` (`id`, `media_type_id`, `user_id`, `filename`, `size`, `metadata`, `created_at`, `updated_at`) VALUES (71, 71, 71, 'quos', 204590, '{\"c\":3}', '1991-11-29 02:33:39', '1977-08-15 15:37:04');
INSERT INTO `media` (`id`, `media_type_id`, `user_id`, `filename`, `size`, `metadata`, `created_at`, `updated_at`) VALUES (72, 72, 72, 'est', 28, '{\"c\":3}', '1972-12-08 06:07:37', '2008-05-05 20:06:40');
INSERT INTO `media` (`id`, `media_type_id`, `user_id`, `filename`, `size`, `metadata`, `created_at`, `updated_at`) VALUES (73, 73, 73, 'aut', 598, '{\"a\":1}', '1978-11-15 13:27:57', '1982-12-31 21:21:13');
INSERT INTO `media` (`id`, `media_type_id`, `user_id`, `filename`, `size`, `metadata`, `created_at`, `updated_at`) VALUES (74, 74, 74, 'ut', 8, '{\"b\":2}', '2003-06-20 17:37:35', '1987-11-06 18:24:59');
INSERT INTO `media` (`id`, `media_type_id`, `user_id`, `filename`, `size`, `metadata`, `created_at`, `updated_at`) VALUES (75, 75, 75, 'dolores', 636, '{\"a\":1}', '1982-08-31 19:52:22', '1991-05-17 13:24:12');
INSERT INTO `media` (`id`, `media_type_id`, `user_id`, `filename`, `size`, `metadata`, `created_at`, `updated_at`) VALUES (76, 76, 76, 'omnis', 564682410, '{\"a\":1}', '1974-03-11 06:39:37', '1983-07-04 11:34:57');
INSERT INTO `media` (`id`, `media_type_id`, `user_id`, `filename`, `size`, `metadata`, `created_at`, `updated_at`) VALUES (77, 77, 77, 'enim', 64, '{\"c\":3}', '1983-07-24 23:11:44', '1987-12-09 13:51:55');
INSERT INTO `media` (`id`, `media_type_id`, `user_id`, `filename`, `size`, `metadata`, `created_at`, `updated_at`) VALUES (78, 78, 78, 'voluptatem', 7113754, '{\"b\":2}', '2019-12-18 12:17:09', '1989-07-21 11:40:15');
INSERT INTO `media` (`id`, `media_type_id`, `user_id`, `filename`, `size`, `metadata`, `created_at`, `updated_at`) VALUES (79, 79, 79, 'qui', 0, '', '2001-04-10 09:13:21', '1971-10-29 17:46:56');
INSERT INTO `media` (`id`, `media_type_id`, `user_id`, `filename`, `size`, `metadata`, `created_at`, `updated_at`) VALUES (80, 80, 80, 'repellendus', 96393, '{\"c\":3}', '2020-01-14 09:10:55', '1998-01-01 13:17:40');
INSERT INTO `media` (`id`, `media_type_id`, `user_id`, `filename`, `size`, `metadata`, `created_at`, `updated_at`) VALUES (81, 81, 81, 'numquam', 587, '{\"a\":1}', '2002-11-12 09:25:47', '2017-09-13 17:20:53');
INSERT INTO `media` (`id`, `media_type_id`, `user_id`, `filename`, `size`, `metadata`, `created_at`, `updated_at`) VALUES (82, 82, 82, 'cupiditate', 12300964, '', '1981-03-07 11:55:07', '1999-04-21 20:29:09');
INSERT INTO `media` (`id`, `media_type_id`, `user_id`, `filename`, `size`, `metadata`, `created_at`, `updated_at`) VALUES (83, 83, 83, 'sint', 18, '{\"a\":1}', '1993-08-28 21:35:54', '2008-11-10 06:40:52');
INSERT INTO `media` (`id`, `media_type_id`, `user_id`, `filename`, `size`, `metadata`, `created_at`, `updated_at`) VALUES (84, 84, 84, 'officiis', 0, '{\"a\":1}', '1998-12-28 20:29:21', '1986-04-16 06:16:02');
INSERT INTO `media` (`id`, `media_type_id`, `user_id`, `filename`, `size`, `metadata`, `created_at`, `updated_at`) VALUES (85, 85, 85, 'vel', 214239, '{\"b\":2}', '1999-07-28 19:11:06', '2015-09-29 09:47:22');
INSERT INTO `media` (`id`, `media_type_id`, `user_id`, `filename`, `size`, `metadata`, `created_at`, `updated_at`) VALUES (86, 86, 86, 'est', 624372, '{\"a\":1}', '2005-12-03 03:07:20', '1993-03-12 01:13:53');
INSERT INTO `media` (`id`, `media_type_id`, `user_id`, `filename`, `size`, `metadata`, `created_at`, `updated_at`) VALUES (87, 87, 87, 'facilis', 91624301, '{\"c\":3}', '1974-03-13 04:11:37', '2005-08-11 16:30:33');
INSERT INTO `media` (`id`, `media_type_id`, `user_id`, `filename`, `size`, `metadata`, `created_at`, `updated_at`) VALUES (88, 88, 88, 'laudantium', 519580603, '', '1970-07-28 13:04:55', '1993-10-08 03:57:04');
INSERT INTO `media` (`id`, `media_type_id`, `user_id`, `filename`, `size`, `metadata`, `created_at`, `updated_at`) VALUES (89, 89, 89, 'sed', 137033753, '{\"b\":2}', '2008-10-25 13:48:22', '1990-09-06 21:12:52');
INSERT INTO `media` (`id`, `media_type_id`, `user_id`, `filename`, `size`, `metadata`, `created_at`, `updated_at`) VALUES (90, 90, 90, 'consequatur', 9, '{\"b\":2}', '2020-04-30 19:59:51', '1975-12-10 18:32:34');
INSERT INTO `media` (`id`, `media_type_id`, `user_id`, `filename`, `size`, `metadata`, `created_at`, `updated_at`) VALUES (91, 91, 91, 'molestias', 990, '{\"b\":2}', '2003-07-06 18:53:12', '1973-05-19 08:03:53');
INSERT INTO `media` (`id`, `media_type_id`, `user_id`, `filename`, `size`, `metadata`, `created_at`, `updated_at`) VALUES (92, 92, 92, 'dicta', 835651739, '{\"c\":3}', '1978-06-20 00:30:17', '2012-10-31 10:23:43');
INSERT INTO `media` (`id`, `media_type_id`, `user_id`, `filename`, `size`, `metadata`, `created_at`, `updated_at`) VALUES (93, 93, 93, 'recusandae', 564, '{\"a\":1}', '1975-11-30 18:24:49', '2017-07-24 08:30:28');
INSERT INTO `media` (`id`, `media_type_id`, `user_id`, `filename`, `size`, `metadata`, `created_at`, `updated_at`) VALUES (94, 94, 94, 'dignissimos', 0, '{\"c\":3}', '1994-12-11 03:18:44', '2015-03-09 19:41:15');
INSERT INTO `media` (`id`, `media_type_id`, `user_id`, `filename`, `size`, `metadata`, `created_at`, `updated_at`) VALUES (95, 95, 95, 'voluptatem', 42419, '{\"c\":3}', '1995-06-23 12:19:42', '1986-03-18 00:06:18');
INSERT INTO `media` (`id`, `media_type_id`, `user_id`, `filename`, `size`, `metadata`, `created_at`, `updated_at`) VALUES (96, 96, 96, 'soluta', 197, '{\"c\":3}', '1996-06-11 02:57:34', '1981-10-07 08:22:35');
INSERT INTO `media` (`id`, `media_type_id`, `user_id`, `filename`, `size`, `metadata`, `created_at`, `updated_at`) VALUES (97, 97, 97, 'placeat', 0, '{\"a\":1}', '1986-11-09 01:28:58', '1987-10-16 09:18:00');
INSERT INTO `media` (`id`, `media_type_id`, `user_id`, `filename`, `size`, `metadata`, `created_at`, `updated_at`) VALUES (98, 98, 98, 'voluptatem', 3443, '', '1981-10-26 06:36:20', '2014-06-05 07:22:34');
INSERT INTO `media` (`id`, `media_type_id`, `user_id`, `filename`, `size`, `metadata`, `created_at`, `updated_at`) VALUES (99, 99, 99, 'architecto', 20, '{\"b\":2}', '2002-04-20 06:52:13', '1986-03-15 04:12:09');
INSERT INTO `media` (`id`, `media_type_id`, `user_id`, `filename`, `size`, `metadata`, `created_at`, `updated_at`) VALUES (100, 100, 100, 'eum', 625874, '{\"b\":2}', '2003-08-07 05:52:01', '1985-11-26 23:24:34');


#
# TABLE STRUCTURE FOR: media_types
#

DROP TABLE IF EXISTS `media_types`;

CREATE TABLE `media_types` (
  `id` int(10) unsigned NOT NULL AUTO_INCREMENT,
  `name` varchar(255) COLLATE utf8_unicode_ci NOT NULL,
  PRIMARY KEY (`id`),
  UNIQUE KEY `name` (`name`)
) ENGINE=InnoDB AUTO_INCREMENT=101 DEFAULT CHARSET=utf8 COLLATE=utf8_unicode_ci;

INSERT INTO `media_types` (`id`, `name`) VALUES (9, 'ab');
INSERT INTO `media_types` (`id`, `name`) VALUES (29, 'accusamus');
INSERT INTO `media_types` (`id`, `name`) VALUES (62, 'aliquid');
INSERT INTO `media_types` (`id`, `name`) VALUES (15, 'amet');
INSERT INTO `media_types` (`id`, `name`) VALUES (49, 'aperiam');
INSERT INTO `media_types` (`id`, `name`) VALUES (43, 'architecto');
INSERT INTO `media_types` (`id`, `name`) VALUES (94, 'aspernatur');
INSERT INTO `media_types` (`id`, `name`) VALUES (80, 'assumenda');
INSERT INTO `media_types` (`id`, `name`) VALUES (11, 'aut');
INSERT INTO `media_types` (`id`, `name`) VALUES (88, 'autem');
INSERT INTO `media_types` (`id`, `name`) VALUES (14, 'commodi');
INSERT INTO `media_types` (`id`, `name`) VALUES (85, 'consequatur');
INSERT INTO `media_types` (`id`, `name`) VALUES (1, 'corporis');
INSERT INTO `media_types` (`id`, `name`) VALUES (27, 'corrupti');
INSERT INTO `media_types` (`id`, `name`) VALUES (3, 'culpa');
INSERT INTO `media_types` (`id`, `name`) VALUES (18, 'cum');
INSERT INTO `media_types` (`id`, `name`) VALUES (65, 'cupiditate');
INSERT INTO `media_types` (`id`, `name`) VALUES (10, 'debitis');
INSERT INTO `media_types` (`id`, `name`) VALUES (48, 'delectus');
INSERT INTO `media_types` (`id`, `name`) VALUES (82, 'deserunt');
INSERT INTO `media_types` (`id`, `name`) VALUES (38, 'dicta');
INSERT INTO `media_types` (`id`, `name`) VALUES (81, 'dignissimos');
INSERT INTO `media_types` (`id`, `name`) VALUES (51, 'distinctio');
INSERT INTO `media_types` (`id`, `name`) VALUES (13, 'dolor');
INSERT INTO `media_types` (`id`, `name`) VALUES (24, 'dolore');
INSERT INTO `media_types` (`id`, `name`) VALUES (34, 'dolorem');
INSERT INTO `media_types` (`id`, `name`) VALUES (74, 'doloremque');
INSERT INTO `media_types` (`id`, `name`) VALUES (4, 'dolores');
INSERT INTO `media_types` (`id`, `name`) VALUES (35, 'dolorum');
INSERT INTO `media_types` (`id`, `name`) VALUES (72, 'ducimus');
INSERT INTO `media_types` (`id`, `name`) VALUES (57, 'eaque');
INSERT INTO `media_types` (`id`, `name`) VALUES (100, 'eius');
INSERT INTO `media_types` (`id`, `name`) VALUES (46, 'eligendi');
INSERT INTO `media_types` (`id`, `name`) VALUES (40, 'enim');
INSERT INTO `media_types` (`id`, `name`) VALUES (42, 'eos');
INSERT INTO `media_types` (`id`, `name`) VALUES (21, 'error');
INSERT INTO `media_types` (`id`, `name`) VALUES (20, 'est');
INSERT INTO `media_types` (`id`, `name`) VALUES (26, 'et');
INSERT INTO `media_types` (`id`, `name`) VALUES (61, 'eum');
INSERT INTO `media_types` (`id`, `name`) VALUES (33, 'eveniet');
INSERT INTO `media_types` (`id`, `name`) VALUES (91, 'ex');
INSERT INTO `media_types` (`id`, `name`) VALUES (68, 'expedita');
INSERT INTO `media_types` (`id`, `name`) VALUES (41, 'facilis');
INSERT INTO `media_types` (`id`, `name`) VALUES (95, 'fuga');
INSERT INTO `media_types` (`id`, `name`) VALUES (53, 'fugiat');
INSERT INTO `media_types` (`id`, `name`) VALUES (59, 'id');
INSERT INTO `media_types` (`id`, `name`) VALUES (97, 'impedit');
INSERT INTO `media_types` (`id`, `name`) VALUES (45, 'in');
INSERT INTO `media_types` (`id`, `name`) VALUES (50, 'ipsa');
INSERT INTO `media_types` (`id`, `name`) VALUES (84, 'iste');
INSERT INTO `media_types` (`id`, `name`) VALUES (92, 'iusto');
INSERT INTO `media_types` (`id`, `name`) VALUES (86, 'laboriosam');
INSERT INTO `media_types` (`id`, `name`) VALUES (25, 'laudantium');
INSERT INTO `media_types` (`id`, `name`) VALUES (5, 'libero');
INSERT INTO `media_types` (`id`, `name`) VALUES (67, 'magnam');
INSERT INTO `media_types` (`id`, `name`) VALUES (89, 'minus');
INSERT INTO `media_types` (`id`, `name`) VALUES (55, 'modi');
INSERT INTO `media_types` (`id`, `name`) VALUES (31, 'molestias');
INSERT INTO `media_types` (`id`, `name`) VALUES (58, 'mollitia');
INSERT INTO `media_types` (`id`, `name`) VALUES (36, 'necessitatibus');
INSERT INTO `media_types` (`id`, `name`) VALUES (99, 'nemo');
INSERT INTO `media_types` (`id`, `name`) VALUES (75, 'nesciunt');
INSERT INTO `media_types` (`id`, `name`) VALUES (73, 'nihil');
INSERT INTO `media_types` (`id`, `name`) VALUES (32, 'nisi');
INSERT INTO `media_types` (`id`, `name`) VALUES (39, 'non');
INSERT INTO `media_types` (`id`, `name`) VALUES (37, 'numquam');
INSERT INTO `media_types` (`id`, `name`) VALUES (90, 'odio');
INSERT INTO `media_types` (`id`, `name`) VALUES (78, 'officia');
INSERT INTO `media_types` (`id`, `name`) VALUES (71, 'officiis');
INSERT INTO `media_types` (`id`, `name`) VALUES (93, 'pariatur');
INSERT INTO `media_types` (`id`, `name`) VALUES (77, 'perferendis');
INSERT INTO `media_types` (`id`, `name`) VALUES (22, 'praesentium');
INSERT INTO `media_types` (`id`, `name`) VALUES (28, 'qui');
INSERT INTO `media_types` (`id`, `name`) VALUES (69, 'quia');
INSERT INTO `media_types` (`id`, `name`) VALUES (98, 'quibusdam');
INSERT INTO `media_types` (`id`, `name`) VALUES (52, 'quidem');
INSERT INTO `media_types` (`id`, `name`) VALUES (79, 'quisquam');
INSERT INTO `media_types` (`id`, `name`) VALUES (7, 'quo');
INSERT INTO `media_types` (`id`, `name`) VALUES (54, 'quod');
INSERT INTO `media_types` (`id`, `name`) VALUES (66, 'reiciendis');
INSERT INTO `media_types` (`id`, `name`) VALUES (76, 'repellat');
INSERT INTO `media_types` (`id`, `name`) VALUES (44, 'reprehenderit');
INSERT INTO `media_types` (`id`, `name`) VALUES (23, 'repudiandae');
INSERT INTO `media_types` (`id`, `name`) VALUES (47, 'rerum');
INSERT INTO `media_types` (`id`, `name`) VALUES (63, 'saepe');
INSERT INTO `media_types` (`id`, `name`) VALUES (60, 'sapiente');
INSERT INTO `media_types` (`id`, `name`) VALUES (19, 'sequi');
INSERT INTO `media_types` (`id`, `name`) VALUES (6, 'sint');
INSERT INTO `media_types` (`id`, `name`) VALUES (56, 'sit');
INSERT INTO `media_types` (`id`, `name`) VALUES (70, 'sunt');
INSERT INTO `media_types` (`id`, `name`) VALUES (83, 'tempore');
INSERT INTO `media_types` (`id`, `name`) VALUES (8, 'ut');
INSERT INTO `media_types` (`id`, `name`) VALUES (17, 'vel');
INSERT INTO `media_types` (`id`, `name`) VALUES (87, 'velit');
INSERT INTO `media_types` (`id`, `name`) VALUES (30, 'veritatis');
INSERT INTO `media_types` (`id`, `name`) VALUES (16, 'vero');
INSERT INTO `media_types` (`id`, `name`) VALUES (64, 'voluptas');
INSERT INTO `media_types` (`id`, `name`) VALUES (12, 'voluptatem');
INSERT INTO `media_types` (`id`, `name`) VALUES (96, 'voluptatibus');
INSERT INTO `media_types` (`id`, `name`) VALUES (2, 'voluptatum');


#
# TABLE STRUCTURE FOR: messages
#

DROP TABLE IF EXISTS `messages`;

CREATE TABLE `messages` (
  `id` int(10) unsigned NOT NULL AUTO_INCREMENT,
  `from_user_id` int(10) unsigned NOT NULL,
  `to_user_id` int(10) unsigned NOT NULL,
  `community_id` int(10) unsigned NOT NULL,
  `body` text COLLATE utf8_unicode_ci NOT NULL,
  `is_important` tinyint(1) DEFAULT NULL,
  `is_delivered` tinyint(1) DEFAULT NULL,
  `created_at` datetime DEFAULT current_timestamp(),
  PRIMARY KEY (`id`)
) ENGINE=InnoDB AUTO_INCREMENT=101 DEFAULT CHARSET=utf8 COLLATE=utf8_unicode_ci;

INSERT INTO `messages` (`id`, `from_user_id`, `to_user_id`, `community_id`, `body`, `is_important`, `is_delivered`, `created_at`) VALUES (1, 1, 1, 1, 'Fugit omnis nulla impedit natus aut velit in. Et eligendi est ab doloremque excepturi nam. Iste iste deleniti et sunt fugiat asperiores iste rem.', 1, 0, '1975-10-25 02:59:53');
INSERT INTO `messages` (`id`, `from_user_id`, `to_user_id`, `community_id`, `body`, `is_important`, `is_delivered`, `created_at`) VALUES (2, 2, 2, 2, 'Enim ratione tempore dolorem. Quo consequatur iure et autem et. Totam eos quasi ea illo dicta.', 0, 0, '2008-12-26 19:03:56');
INSERT INTO `messages` (`id`, `from_user_id`, `to_user_id`, `community_id`, `body`, `is_important`, `is_delivered`, `created_at`) VALUES (3, 3, 3, 3, 'Aspernatur vel dolores non perspiciatis. Debitis quam voluptas officiis sed inventore quia perspiciatis. Reprehenderit velit non officia repellendus. Recusandae earum nostrum quas pariatur et architecto excepturi.', 1, 1, '2011-06-08 06:47:07');
INSERT INTO `messages` (`id`, `from_user_id`, `to_user_id`, `community_id`, `body`, `is_important`, `is_delivered`, `created_at`) VALUES (4, 4, 4, 4, 'Consequuntur est et cumque incidunt qui veritatis tempora. Aut eum veniam unde saepe tempore. Et dolore consequatur molestiae non voluptatibus.', 0, 0, '1984-11-12 02:10:49');
INSERT INTO `messages` (`id`, `from_user_id`, `to_user_id`, `community_id`, `body`, `is_important`, `is_delivered`, `created_at`) VALUES (5, 5, 5, 5, 'Expedita est harum dolorum voluptas repellat fugiat. Et autem ut praesentium nihil. Nihil aut nesciunt velit corrupti officia accusamus.', 1, 0, '2005-07-17 23:22:17');
INSERT INTO `messages` (`id`, `from_user_id`, `to_user_id`, `community_id`, `body`, `is_important`, `is_delivered`, `created_at`) VALUES (6, 6, 6, 6, 'Accusamus tempora beatae ducimus aliquam. Minima nihil dolore sint quia excepturi. Cumque suscipit aliquam dolor corrupti ut corporis labore. Tempora architecto sint ducimus.', 1, 0, '1983-03-18 15:20:32');
INSERT INTO `messages` (`id`, `from_user_id`, `to_user_id`, `community_id`, `body`, `is_important`, `is_delivered`, `created_at`) VALUES (7, 7, 7, 7, 'Consequatur aut voluptatem placeat vero. Assumenda autem et ad corporis asperiores consequatur eligendi. Est maiores modi quaerat vero doloribus vero labore deserunt. Error eum autem natus.', 0, 1, '2012-11-17 16:44:20');
INSERT INTO `messages` (`id`, `from_user_id`, `to_user_id`, `community_id`, `body`, `is_important`, `is_delivered`, `created_at`) VALUES (8, 8, 8, 8, 'Ad qui totam repellendus non rerum libero. Et doloremque asperiores iste nostrum et harum sed voluptates. Cupiditate quis ut veritatis dolorum excepturi repellendus consequatur. Harum dolorem ducimus aliquam inventore.', 0, 1, '2019-08-20 11:53:36');
INSERT INTO `messages` (`id`, `from_user_id`, `to_user_id`, `community_id`, `body`, `is_important`, `is_delivered`, `created_at`) VALUES (9, 9, 9, 9, 'Et nisi vitae quae itaque error. Sed molestias consequatur animi est rem qui incidunt. Molestiae ex magnam quis reprehenderit et et voluptas. Dicta voluptates reiciendis aut eos nemo aut.', 0, 0, '1996-09-22 19:54:05');
INSERT INTO `messages` (`id`, `from_user_id`, `to_user_id`, `community_id`, `body`, `is_important`, `is_delivered`, `created_at`) VALUES (10, 10, 10, 10, 'Corrupti et aliquid odit quas enim non. Dolores aut et ullam numquam. Hic pariatur doloremque repellendus.', 0, 0, '1999-03-07 07:32:18');
INSERT INTO `messages` (`id`, `from_user_id`, `to_user_id`, `community_id`, `body`, `is_important`, `is_delivered`, `created_at`) VALUES (11, 11, 11, 11, 'Voluptate occaecati quasi praesentium ea velit. Voluptas vitae voluptatibus perspiciatis fugiat. Quas esse sint nobis sed.', 0, 1, '1977-06-26 16:19:39');
INSERT INTO `messages` (`id`, `from_user_id`, `to_user_id`, `community_id`, `body`, `is_important`, `is_delivered`, `created_at`) VALUES (12, 12, 12, 12, 'Et delectus rem repudiandae rerum. Quas aut vero eos placeat fuga aut atque. Blanditiis ut non cum eos voluptates.', 0, 0, '1989-10-01 00:37:13');
INSERT INTO `messages` (`id`, `from_user_id`, `to_user_id`, `community_id`, `body`, `is_important`, `is_delivered`, `created_at`) VALUES (13, 13, 13, 13, 'Corrupti dolorem veritatis dolorem odit. Omnis odio deserunt occaecati fugit dolorem. Id rerum expedita porro est error. Ut necessitatibus debitis vero velit debitis qui nam itaque.', 1, 0, '1980-09-25 20:48:47');
INSERT INTO `messages` (`id`, `from_user_id`, `to_user_id`, `community_id`, `body`, `is_important`, `is_delivered`, `created_at`) VALUES (14, 14, 14, 14, 'Dolore fuga labore porro ea incidunt est dolorum. Facilis est incidunt nemo modi sunt veniam. Quia cumque ratione officia est commodi nisi nihil. Animi totam quas quam dolor.', 0, 1, '1995-02-21 15:41:04');
INSERT INTO `messages` (`id`, `from_user_id`, `to_user_id`, `community_id`, `body`, `is_important`, `is_delivered`, `created_at`) VALUES (15, 15, 15, 15, 'Animi nulla ea non cupiditate numquam expedita. Enim doloribus officia non. Incidunt porro autem possimus voluptatem. Qui ipsum recusandae enim ad.', 1, 0, '1979-02-28 23:28:31');
INSERT INTO `messages` (`id`, `from_user_id`, `to_user_id`, `community_id`, `body`, `is_important`, `is_delivered`, `created_at`) VALUES (16, 16, 16, 16, 'Sint quo beatae officia deserunt quasi omnis. Est nihil optio voluptatibus aut modi sed. Debitis repellat reprehenderit repellat autem consectetur ut excepturi tenetur. Et qui rerum blanditiis est ut nobis deleniti dolores.', 1, 0, '1970-04-01 17:08:09');
INSERT INTO `messages` (`id`, `from_user_id`, `to_user_id`, `community_id`, `body`, `is_important`, `is_delivered`, `created_at`) VALUES (17, 17, 17, 17, 'Eum itaque ut tempore. Sint voluptatibus aut minus molestiae officia accusamus ullam. Sequi ut nesciunt sunt. Sunt eaque enim harum in eveniet voluptas atque.', 1, 1, '1981-06-11 15:02:06');
INSERT INTO `messages` (`id`, `from_user_id`, `to_user_id`, `community_id`, `body`, `is_important`, `is_delivered`, `created_at`) VALUES (18, 18, 18, 18, 'Quo qui consequuntur facere. Qui itaque nemo mollitia blanditiis. Laudantium et animi repellendus. Sed et porro perferendis dolore quaerat a.', 0, 0, '2005-09-16 15:32:44');
INSERT INTO `messages` (`id`, `from_user_id`, `to_user_id`, `community_id`, `body`, `is_important`, `is_delivered`, `created_at`) VALUES (19, 19, 19, 19, 'Enim sint aut perferendis et tempora dicta. Quis sit voluptates pariatur ut ut vero quae. Libero cumque sit dolore nihil.', 0, 1, '2009-03-05 00:17:38');
INSERT INTO `messages` (`id`, `from_user_id`, `to_user_id`, `community_id`, `body`, `is_important`, `is_delivered`, `created_at`) VALUES (20, 20, 20, 20, 'Cumque sit ex quasi expedita. Ab cum aliquid non inventore itaque perspiciatis veniam dolores. Id molestiae omnis ex vitae velit. Repudiandae nobis et est beatae aliquid.', 1, 0, '1976-12-23 04:51:22');
INSERT INTO `messages` (`id`, `from_user_id`, `to_user_id`, `community_id`, `body`, `is_important`, `is_delivered`, `created_at`) VALUES (21, 21, 21, 21, 'Illum consequatur maiores laboriosam et. Occaecati quia accusantium molestiae ipsa unde iure. Enim minus reprehenderit omnis dolorem. Omnis sed perspiciatis omnis harum eveniet voluptatum praesentium eaque.', 0, 1, '2001-12-25 21:34:06');
INSERT INTO `messages` (`id`, `from_user_id`, `to_user_id`, `community_id`, `body`, `is_important`, `is_delivered`, `created_at`) VALUES (22, 22, 22, 22, 'Eveniet modi aspernatur officiis quis velit nobis quia nihil. Voluptatum rerum nulla debitis. Nisi quisquam labore autem nesciunt.', 1, 0, '1990-05-04 05:08:29');
INSERT INTO `messages` (`id`, `from_user_id`, `to_user_id`, `community_id`, `body`, `is_important`, `is_delivered`, `created_at`) VALUES (23, 23, 23, 23, 'Doloremque aut vel repudiandae placeat aliquam. Expedita dolorum nisi nisi doloribus. Corporis quia nulla officiis in id ipsum eos.', 0, 1, '1988-01-02 18:28:19');
INSERT INTO `messages` (`id`, `from_user_id`, `to_user_id`, `community_id`, `body`, `is_important`, `is_delivered`, `created_at`) VALUES (24, 24, 24, 24, 'Eligendi eveniet nam vel soluta deserunt deserunt accusamus. Ex quia qui molestiae molestiae laudantium deleniti vel. Nostrum consectetur sit sit eius consequatur qui molestiae. Omnis asperiores tenetur est eius. Tempora repellendus et magnam quae.', 0, 1, '1994-05-15 15:14:11');
INSERT INTO `messages` (`id`, `from_user_id`, `to_user_id`, `community_id`, `body`, `is_important`, `is_delivered`, `created_at`) VALUES (25, 25, 25, 25, 'Occaecati aut ut vel debitis. Minima et vel omnis esse. Eius aliquam animi accusantium rem eligendi est temporibus.', 1, 1, '1996-11-21 07:23:14');
INSERT INTO `messages` (`id`, `from_user_id`, `to_user_id`, `community_id`, `body`, `is_important`, `is_delivered`, `created_at`) VALUES (26, 26, 26, 26, 'Labore et aut aut dolor. Tenetur rem libero at sunt et. Aperiam dolorum enim quia qui. Enim voluptatibus aut rerum consequatur.', 1, 1, '1977-12-21 11:09:32');
INSERT INTO `messages` (`id`, `from_user_id`, `to_user_id`, `community_id`, `body`, `is_important`, `is_delivered`, `created_at`) VALUES (27, 27, 27, 27, 'Mollitia accusamus aut sint doloremque consequatur qui iure. Excepturi voluptas aut non aut nobis necessitatibus architecto. Officia odio officia corporis dicta mollitia eos autem. Voluptas placeat quos maxime dolorem facilis et.', 0, 0, '1995-08-19 00:16:28');
INSERT INTO `messages` (`id`, `from_user_id`, `to_user_id`, `community_id`, `body`, `is_important`, `is_delivered`, `created_at`) VALUES (28, 28, 28, 28, 'Autem doloremque illum repudiandae et velit ad quas. A unde autem ut quod dicta sint saepe. Rem maiores unde est et assumenda corporis. Sit quasi sequi ducimus enim velit.', 0, 1, '2004-08-19 01:49:27');
INSERT INTO `messages` (`id`, `from_user_id`, `to_user_id`, `community_id`, `body`, `is_important`, `is_delivered`, `created_at`) VALUES (29, 29, 29, 29, 'Sit et autem iusto sit dignissimos autem et molestias. Velit sint provident qui sed quis non. Non ut ut eligendi nihil qui expedita voluptatem est.', 0, 1, '1970-08-29 10:39:49');
INSERT INTO `messages` (`id`, `from_user_id`, `to_user_id`, `community_id`, `body`, `is_important`, `is_delivered`, `created_at`) VALUES (30, 30, 30, 30, 'Possimus deserunt ut voluptas. Ullam ratione est occaecati dolores et illum. Id culpa repellat laudantium autem quibusdam porro. Dolor aut eius id sint cumque dolores.', 0, 1, '1996-06-02 23:47:13');
INSERT INTO `messages` (`id`, `from_user_id`, `to_user_id`, `community_id`, `body`, `is_important`, `is_delivered`, `created_at`) VALUES (31, 31, 31, 31, 'Facilis et quis iure dolores. Laudantium a ea vel qui.', 0, 1, '2015-05-10 12:13:37');
INSERT INTO `messages` (`id`, `from_user_id`, `to_user_id`, `community_id`, `body`, `is_important`, `is_delivered`, `created_at`) VALUES (32, 32, 32, 32, 'Dolor est pariatur quisquam rem excepturi. Quia voluptatibus eos id consequuntur. Quaerat libero distinctio repellat numquam veritatis soluta. Voluptatibus ea magni et perferendis aut et.', 1, 0, '1993-10-06 22:00:26');
INSERT INTO `messages` (`id`, `from_user_id`, `to_user_id`, `community_id`, `body`, `is_important`, `is_delivered`, `created_at`) VALUES (33, 33, 33, 33, 'Quis reiciendis non aut nobis quos neque unde. Eaque cupiditate dignissimos et officiis impedit quam possimus. Optio veritatis quod sed enim similique laboriosam. Dolores mollitia voluptatibus qui nostrum vel.', 1, 0, '1999-01-02 04:32:28');
INSERT INTO `messages` (`id`, `from_user_id`, `to_user_id`, `community_id`, `body`, `is_important`, `is_delivered`, `created_at`) VALUES (34, 34, 34, 34, 'Rerum iste temporibus aliquam dolorum rem cumque. Minima quaerat rem assumenda atque quia.', 1, 0, '2003-01-12 22:37:46');
INSERT INTO `messages` (`id`, `from_user_id`, `to_user_id`, `community_id`, `body`, `is_important`, `is_delivered`, `created_at`) VALUES (35, 35, 35, 35, 'Exercitationem provident est consequatur deleniti. Blanditiis id laboriosam non atque officiis. Possimus exercitationem et magni saepe sapiente libero error. In excepturi odio similique laudantium.', 1, 0, '1975-03-15 04:47:20');
INSERT INTO `messages` (`id`, `from_user_id`, `to_user_id`, `community_id`, `body`, `is_important`, `is_delivered`, `created_at`) VALUES (36, 36, 36, 36, 'Nihil eligendi debitis distinctio tempore et est aperiam. Aliquid quis itaque voluptate. Et at corrupti quibusdam sunt sed ad. Assumenda architecto temporibus voluptatem maxime incidunt excepturi.', 1, 0, '1978-11-19 14:06:05');
INSERT INTO `messages` (`id`, `from_user_id`, `to_user_id`, `community_id`, `body`, `is_important`, `is_delivered`, `created_at`) VALUES (37, 37, 37, 37, 'Deserunt ut ut aut consequatur. Fugiat alias accusamus expedita et sunt corporis dolore. Dolorem dicta similique mollitia ut. Expedita veritatis et sapiente dolorem eius consectetur.', 1, 1, '1991-09-17 15:40:41');
INSERT INTO `messages` (`id`, `from_user_id`, `to_user_id`, `community_id`, `body`, `is_important`, `is_delivered`, `created_at`) VALUES (38, 38, 38, 38, 'Earum hic amet cumque quia hic assumenda nemo. Vero dolor alias itaque ut. Aliquam ut molestiae repudiandae adipisci distinctio omnis.', 1, 0, '1972-06-27 08:25:30');
INSERT INTO `messages` (`id`, `from_user_id`, `to_user_id`, `community_id`, `body`, `is_important`, `is_delivered`, `created_at`) VALUES (39, 39, 39, 39, 'Asperiores reprehenderit dolores dignissimos ratione inventore aut quidem dignissimos. Et ullam omnis nesciunt ea. Qui eos perspiciatis quia ut placeat velit. Et quam voluptas odio blanditiis explicabo voluptatem. Ut voluptatem vero provident repellat exercitationem assumenda.', 0, 1, '1985-05-07 13:29:54');
INSERT INTO `messages` (`id`, `from_user_id`, `to_user_id`, `community_id`, `body`, `is_important`, `is_delivered`, `created_at`) VALUES (40, 40, 40, 40, 'Et enim blanditiis similique est est quis iste. Veritatis qui et sit nulla sunt. Quis dolorem iure error eum et dolor quod.', 1, 0, '1979-02-07 03:16:52');
INSERT INTO `messages` (`id`, `from_user_id`, `to_user_id`, `community_id`, `body`, `is_important`, `is_delivered`, `created_at`) VALUES (41, 41, 41, 41, 'Sit tempore eligendi cupiditate velit numquam. Molestiae beatae non sit corporis harum aut molestiae et. Quis commodi tenetur nobis architecto.', 0, 1, '1999-07-12 01:47:26');
INSERT INTO `messages` (`id`, `from_user_id`, `to_user_id`, `community_id`, `body`, `is_important`, `is_delivered`, `created_at`) VALUES (42, 42, 42, 42, 'Alias temporibus sunt beatae et quo rerum at. Iure facere voluptas ut ut aut. Quam minus velit placeat ut velit autem.', 1, 1, '2004-12-05 07:59:17');
INSERT INTO `messages` (`id`, `from_user_id`, `to_user_id`, `community_id`, `body`, `is_important`, `is_delivered`, `created_at`) VALUES (43, 43, 43, 43, 'Ab dolorum totam laborum est. Sint et itaque vel tenetur. Et asperiores ab quidem perspiciatis eaque quo dolorem.', 1, 0, '2000-02-13 05:23:00');
INSERT INTO `messages` (`id`, `from_user_id`, `to_user_id`, `community_id`, `body`, `is_important`, `is_delivered`, `created_at`) VALUES (44, 44, 44, 44, 'Et quia rerum sint facere est ad delectus quas. Rerum et at eaque ipsam omnis quo velit. Exercitationem et nulla ratione ea est tempore repudiandae alias.', 1, 1, '2016-09-16 14:57:03');
INSERT INTO `messages` (`id`, `from_user_id`, `to_user_id`, `community_id`, `body`, `is_important`, `is_delivered`, `created_at`) VALUES (45, 45, 45, 45, 'Autem quibusdam qui necessitatibus. Autem magni quaerat exercitationem quia veniam officia quisquam nobis. Sequi et dolores suscipit nulla. Quis quisquam numquam est qui.', 1, 0, '1995-06-19 21:50:33');
INSERT INTO `messages` (`id`, `from_user_id`, `to_user_id`, `community_id`, `body`, `is_important`, `is_delivered`, `created_at`) VALUES (46, 46, 46, 46, 'Minus nulla aliquam consequatur. Beatae quia quaerat maiores officia sint eius quo qui. Dolor nihil possimus sed.', 0, 0, '2002-01-21 09:46:52');
INSERT INTO `messages` (`id`, `from_user_id`, `to_user_id`, `community_id`, `body`, `is_important`, `is_delivered`, `created_at`) VALUES (47, 47, 47, 47, 'Earum ut quibusdam facere sapiente sit dolorem dolor. Esse enim ut ut et sed veniam. Est dolores libero alias corrupti rerum non. Rerum laudantium porro alias eligendi.', 1, 0, '1986-02-21 13:03:54');
INSERT INTO `messages` (`id`, `from_user_id`, `to_user_id`, `community_id`, `body`, `is_important`, `is_delivered`, `created_at`) VALUES (48, 48, 48, 48, 'Debitis ipsam explicabo aliquam. Rerum laudantium ipsam repellat non sequi.', 0, 1, '1979-03-08 08:46:46');
INSERT INTO `messages` (`id`, `from_user_id`, `to_user_id`, `community_id`, `body`, `is_important`, `is_delivered`, `created_at`) VALUES (49, 49, 49, 49, 'Blanditiis et sequi qui et nobis dolorem. Veritatis nihil doloribus fuga. Alias nobis neque officia aut officia quia molestiae. Repellat ut beatae optio.', 0, 1, '1979-09-02 22:15:28');
INSERT INTO `messages` (`id`, `from_user_id`, `to_user_id`, `community_id`, `body`, `is_important`, `is_delivered`, `created_at`) VALUES (50, 50, 50, 50, 'Autem dolor sint repudiandae quibusdam earum provident vel. Dolores deserunt mollitia qui aut non sit id. Illum enim vel eum quis iure aperiam ad. Beatae et harum saepe perspiciatis eius.', 0, 1, '2003-06-18 01:56:45');
INSERT INTO `messages` (`id`, `from_user_id`, `to_user_id`, `community_id`, `body`, `is_important`, `is_delivered`, `created_at`) VALUES (51, 51, 51, 51, 'Est est dolores dolorum est error tenetur similique. Eum nisi voluptas quo error. Est amet ipsam sequi repudiandae fugiat et. Et sequi atque iusto perferendis aut eveniet earum.', 1, 0, '2001-11-29 16:18:03');
INSERT INTO `messages` (`id`, `from_user_id`, `to_user_id`, `community_id`, `body`, `is_important`, `is_delivered`, `created_at`) VALUES (52, 52, 52, 52, 'Vel dolore ea error aut. Accusamus voluptas nam itaque velit vel molestiae placeat in. In quasi est quia consequuntur ea culpa cum. Non itaque dolor nisi aut autem placeat.', 1, 1, '1970-08-13 19:04:04');
INSERT INTO `messages` (`id`, `from_user_id`, `to_user_id`, `community_id`, `body`, `is_important`, `is_delivered`, `created_at`) VALUES (53, 53, 53, 53, 'Doloribus eum recusandae incidunt non quod. Aperiam quisquam ut cupiditate quos tenetur exercitationem et. Blanditiis in quas quia facere eum. Voluptas saepe ut non enim ducimus aliquid.', 1, 0, '2018-06-17 03:20:54');
INSERT INTO `messages` (`id`, `from_user_id`, `to_user_id`, `community_id`, `body`, `is_important`, `is_delivered`, `created_at`) VALUES (54, 54, 54, 54, 'Et officiis voluptate saepe dignissimos laborum nihil vitae vero. Voluptatibus id molestias eaque omnis quod tenetur rerum. Nisi sit voluptatem dicta quod. Voluptas sit sit iusto.', 0, 1, '1997-11-02 15:58:06');
INSERT INTO `messages` (`id`, `from_user_id`, `to_user_id`, `community_id`, `body`, `is_important`, `is_delivered`, `created_at`) VALUES (55, 55, 55, 55, 'Est esse ratione rerum. Fugiat laboriosam et dolor id qui unde ipsam. Numquam dolorem sapiente aut alias sint animi. Reprehenderit accusamus cum excepturi rerum in aut eveniet.', 1, 0, '2010-03-10 04:42:56');
INSERT INTO `messages` (`id`, `from_user_id`, `to_user_id`, `community_id`, `body`, `is_important`, `is_delivered`, `created_at`) VALUES (56, 56, 56, 56, 'Officiis dignissimos nemo omnis quidem omnis. Animi eligendi praesentium nulla rerum. Et quasi provident est aperiam.', 1, 1, '1971-07-03 13:16:56');
INSERT INTO `messages` (`id`, `from_user_id`, `to_user_id`, `community_id`, `body`, `is_important`, `is_delivered`, `created_at`) VALUES (57, 57, 57, 57, 'Aut sint sunt mollitia quia enim quibusdam culpa ea. Aspernatur ad aut dolores voluptatibus eius nobis. Quia temporibus recusandae fugit sit doloremque.', 1, 1, '1979-11-16 01:18:12');
INSERT INTO `messages` (`id`, `from_user_id`, `to_user_id`, `community_id`, `body`, `is_important`, `is_delivered`, `created_at`) VALUES (58, 58, 58, 58, 'Voluptas reiciendis quam ea ducimus sequi quaerat. Esse minus ab nemo voluptas soluta. Commodi aut numquam et laudantium minima id voluptatibus. Sed reiciendis fugit voluptate.', 1, 0, '1979-02-15 18:12:26');
INSERT INTO `messages` (`id`, `from_user_id`, `to_user_id`, `community_id`, `body`, `is_important`, `is_delivered`, `created_at`) VALUES (59, 59, 59, 59, 'Doloribus saepe optio laudantium et dignissimos ut. Consectetur aut est assumenda voluptatibus culpa blanditiis mollitia velit. Qui expedita eius incidunt in in.', 0, 1, '1978-09-28 00:49:16');
INSERT INTO `messages` (`id`, `from_user_id`, `to_user_id`, `community_id`, `body`, `is_important`, `is_delivered`, `created_at`) VALUES (60, 60, 60, 60, 'Nisi ipsum explicabo nisi illum doloribus. Magnam minima eius ad deleniti. Architecto laboriosam voluptatibus porro laudantium eaque dolores.', 0, 0, '1988-08-26 23:00:12');
INSERT INTO `messages` (`id`, `from_user_id`, `to_user_id`, `community_id`, `body`, `is_important`, `is_delivered`, `created_at`) VALUES (61, 61, 61, 61, 'Eveniet voluptatem commodi tenetur saepe corrupti voluptates optio. Distinctio delectus reprehenderit aut aut maxime cum est. Quis ullam sed maxime fuga.', 0, 1, '2006-06-21 23:41:22');
INSERT INTO `messages` (`id`, `from_user_id`, `to_user_id`, `community_id`, `body`, `is_important`, `is_delivered`, `created_at`) VALUES (62, 62, 62, 62, 'Aut quaerat dolor qui dolore minus ut. Quia quod repellat ab eum.', 0, 0, '1993-02-14 22:15:39');
INSERT INTO `messages` (`id`, `from_user_id`, `to_user_id`, `community_id`, `body`, `is_important`, `is_delivered`, `created_at`) VALUES (63, 63, 63, 63, 'Harum hic sed deserunt at iusto aspernatur consequuntur. Doloribus aliquam modi expedita doloribus nesciunt fugiat. Ullam ab consequatur nemo nemo in facere et dolor.', 1, 1, '2007-11-30 02:06:50');
INSERT INTO `messages` (`id`, `from_user_id`, `to_user_id`, `community_id`, `body`, `is_important`, `is_delivered`, `created_at`) VALUES (64, 64, 64, 64, 'Inventore cum sint et et. Consequuntur ratione eos earum eaque est soluta. Amet magnam in accusantium quia unde.', 0, 1, '1993-12-19 07:08:32');
INSERT INTO `messages` (`id`, `from_user_id`, `to_user_id`, `community_id`, `body`, `is_important`, `is_delivered`, `created_at`) VALUES (65, 65, 65, 65, 'Ipsa a laboriosam earum. Illo et commodi ea recusandae eum.', 1, 1, '1995-01-04 03:19:31');
INSERT INTO `messages` (`id`, `from_user_id`, `to_user_id`, `community_id`, `body`, `is_important`, `is_delivered`, `created_at`) VALUES (66, 66, 66, 66, 'Ea eligendi sunt repellat magnam id. Est est qui laboriosam vero quibusdam impedit quia. Tenetur beatae excepturi aut facilis enim occaecati.', 0, 1, '2011-09-09 15:29:46');
INSERT INTO `messages` (`id`, `from_user_id`, `to_user_id`, `community_id`, `body`, `is_important`, `is_delivered`, `created_at`) VALUES (67, 67, 67, 67, 'Asperiores et dolor ducimus voluptas aliquam fuga dolore. Id corporis qui aspernatur nulla.', 1, 0, '2016-10-11 03:07:17');
INSERT INTO `messages` (`id`, `from_user_id`, `to_user_id`, `community_id`, `body`, `is_important`, `is_delivered`, `created_at`) VALUES (68, 68, 68, 68, 'Beatae et sapiente facere quibusdam. Error qui sit doloremque sit impedit. Sit reiciendis excepturi at quia cum sit eaque alias.', 0, 1, '1974-03-21 22:04:39');
INSERT INTO `messages` (`id`, `from_user_id`, `to_user_id`, `community_id`, `body`, `is_important`, `is_delivered`, `created_at`) VALUES (69, 69, 69, 69, 'Corrupti est autem suscipit qui. Provident error odio quis in eveniet non et. Fugiat accusantium est dignissimos modi dolorum voluptatibus quas iure. Consequatur id sed dolores adipisci dignissimos.', 1, 0, '1995-09-28 21:12:20');
INSERT INTO `messages` (`id`, `from_user_id`, `to_user_id`, `community_id`, `body`, `is_important`, `is_delivered`, `created_at`) VALUES (70, 70, 70, 70, 'Similique tempore incidunt sint sit et id modi. Odit quod non ipsam et natus.', 1, 1, '1982-10-28 15:33:25');
INSERT INTO `messages` (`id`, `from_user_id`, `to_user_id`, `community_id`, `body`, `is_important`, `is_delivered`, `created_at`) VALUES (71, 71, 71, 71, 'Commodi voluptatum ab odit nemo. Reiciendis blanditiis omnis voluptatem. Sint voluptatem voluptatem dolor aut aperiam. Repellendus beatae recusandae omnis.', 1, 0, '2014-08-02 03:17:07');
INSERT INTO `messages` (`id`, `from_user_id`, `to_user_id`, `community_id`, `body`, `is_important`, `is_delivered`, `created_at`) VALUES (72, 72, 72, 72, 'Et unde ut veniam assumenda dolorum deserunt. Quae quasi omnis porro itaque necessitatibus ea aspernatur pariatur. Pariatur quia blanditiis aut commodi ipsam labore.', 0, 1, '1984-10-27 07:43:40');
INSERT INTO `messages` (`id`, `from_user_id`, `to_user_id`, `community_id`, `body`, `is_important`, `is_delivered`, `created_at`) VALUES (73, 73, 73, 73, 'Similique eligendi expedita cumque quia vel porro. Ut optio sint rem. Officiis tempora illo dolor sunt fugit odio.', 0, 0, '1993-11-19 14:47:10');
INSERT INTO `messages` (`id`, `from_user_id`, `to_user_id`, `community_id`, `body`, `is_important`, `is_delivered`, `created_at`) VALUES (74, 74, 74, 74, 'Accusantium tempora dolores eos dicta sed eius. Nulla hic laboriosam quia eligendi enim placeat quia. Nisi nihil eius magnam blanditiis quos quae officiis fugiat.', 1, 0, '1971-08-20 14:36:14');
INSERT INTO `messages` (`id`, `from_user_id`, `to_user_id`, `community_id`, `body`, `is_important`, `is_delivered`, `created_at`) VALUES (75, 75, 75, 75, 'Praesentium qui laborum blanditiis asperiores qui est quo. Voluptates cumque alias nisi temporibus ut vero. Corporis ut accusamus dolores qui consequatur cum. Consequatur nisi nam quae quis et amet voluptates. Esse eius dolorem error reiciendis omnis sed.', 1, 1, '2006-01-16 13:39:01');
INSERT INTO `messages` (`id`, `from_user_id`, `to_user_id`, `community_id`, `body`, `is_important`, `is_delivered`, `created_at`) VALUES (76, 76, 76, 76, 'Quisquam dolore ab tempora ducimus debitis dolor ut. Fugiat ut quis vel sequi iste rerum culpa. Accusantium distinctio totam et sint.', 1, 1, '1988-01-02 04:37:13');
INSERT INTO `messages` (`id`, `from_user_id`, `to_user_id`, `community_id`, `body`, `is_important`, `is_delivered`, `created_at`) VALUES (77, 77, 77, 77, 'Quia suscipit expedita illo aut distinctio molestiae. Adipisci et beatae assumenda aut velit ut consectetur. Quas sed culpa id et. Non et omnis consequatur in numquam.', 0, 1, '2001-05-26 12:08:48');
INSERT INTO `messages` (`id`, `from_user_id`, `to_user_id`, `community_id`, `body`, `is_important`, `is_delivered`, `created_at`) VALUES (78, 78, 78, 78, 'Quaerat porro doloribus cum quia consectetur consequuntur fuga. Sit molestiae eos ipsa totam est repellat. Soluta blanditiis dolores quidem placeat. Ex non in impedit sit in dicta nemo vel. Occaecati perspiciatis autem commodi magnam ut sunt.', 0, 0, '1977-03-27 11:52:52');
INSERT INTO `messages` (`id`, `from_user_id`, `to_user_id`, `community_id`, `body`, `is_important`, `is_delivered`, `created_at`) VALUES (79, 79, 79, 79, 'Molestiae excepturi sunt asperiores enim repudiandae aut omnis. Laborum officia qui consequatur facere debitis optio aperiam. Sit temporibus voluptatem corrupti quo modi. Numquam dolorum veniam sint debitis quam.', 1, 0, '1972-05-17 07:45:58');
INSERT INTO `messages` (`id`, `from_user_id`, `to_user_id`, `community_id`, `body`, `is_important`, `is_delivered`, `created_at`) VALUES (80, 80, 80, 80, 'Enim et nisi similique veritatis non hic dolorum. Perferendis est cumque placeat rerum nulla nihil beatae. Omnis omnis maiores necessitatibus ipsum voluptatibus reiciendis voluptatibus perferendis. Nihil non qui esse quaerat quo et nemo tenetur. Hic laborum laboriosam voluptatem.', 0, 1, '1992-10-05 08:08:06');
INSERT INTO `messages` (`id`, `from_user_id`, `to_user_id`, `community_id`, `body`, `is_important`, `is_delivered`, `created_at`) VALUES (81, 81, 81, 81, 'Fugit fuga a similique commodi. Eum animi iure ipsum velit quidem fuga. Dolor quo tempore sunt adipisci aut ea vitae.', 0, 1, '2016-02-09 05:04:51');
INSERT INTO `messages` (`id`, `from_user_id`, `to_user_id`, `community_id`, `body`, `is_important`, `is_delivered`, `created_at`) VALUES (82, 82, 82, 82, 'Omnis quo sit excepturi quo. Quia cumque incidunt atque placeat molestiae consequatur. Qui molestiae mollitia molestiae quam. Molestias nihil voluptatem mollitia voluptatibus placeat.', 1, 1, '1982-11-08 10:16:33');
INSERT INTO `messages` (`id`, `from_user_id`, `to_user_id`, `community_id`, `body`, `is_important`, `is_delivered`, `created_at`) VALUES (83, 83, 83, 83, 'Hic reiciendis amet doloribus et voluptatem. Qui velit delectus aspernatur. Occaecati rerum itaque fugiat aut voluptate expedita. Et fuga eum natus.', 0, 0, '1992-08-14 01:16:07');
INSERT INTO `messages` (`id`, `from_user_id`, `to_user_id`, `community_id`, `body`, `is_important`, `is_delivered`, `created_at`) VALUES (84, 84, 84, 84, 'Ipsam non aut et ipsam earum eius accusamus. Excepturi vel aliquid saepe consectetur repellat inventore. Quae placeat facere consequatur ut sint qui in cum. Aut ea aliquid aut sit assumenda.', 1, 1, '2019-06-18 19:30:33');
INSERT INTO `messages` (`id`, `from_user_id`, `to_user_id`, `community_id`, `body`, `is_important`, `is_delivered`, `created_at`) VALUES (85, 85, 85, 85, 'Et dignissimos eligendi qui earum labore. Quia in quam exercitationem non. Maxime quis sit doloremque recusandae in voluptatum aut.', 0, 0, '1977-04-02 21:43:26');
INSERT INTO `messages` (`id`, `from_user_id`, `to_user_id`, `community_id`, `body`, `is_important`, `is_delivered`, `created_at`) VALUES (86, 86, 86, 86, 'Et aperiam eligendi molestias voluptatem rerum animi et. Et molestias a sequi nisi sed. Est autem et architecto sapiente exercitationem.', 0, 0, '1977-11-15 15:46:35');
INSERT INTO `messages` (`id`, `from_user_id`, `to_user_id`, `community_id`, `body`, `is_important`, `is_delivered`, `created_at`) VALUES (87, 87, 87, 87, 'Sunt alias aperiam dolorem et sint magnam voluptas nulla. Provident sunt ab temporibus perspiciatis ex quo eius in. Enim qui omnis illo accusamus et dolorem architecto occaecati. Ab quam cum omnis sed quia harum ut.', 1, 0, '2011-11-05 05:08:17');
INSERT INTO `messages` (`id`, `from_user_id`, `to_user_id`, `community_id`, `body`, `is_important`, `is_delivered`, `created_at`) VALUES (88, 88, 88, 88, 'At accusantium illum alias necessitatibus illum debitis. Harum aut ut nesciunt quis ex. Nesciunt est iusto velit animi quasi. Voluptas unde ea est.', 1, 0, '1995-09-18 16:01:59');
INSERT INTO `messages` (`id`, `from_user_id`, `to_user_id`, `community_id`, `body`, `is_important`, `is_delivered`, `created_at`) VALUES (89, 89, 89, 89, 'Adipisci omnis ad eius iste eveniet qui omnis. Non ducimus id error. Explicabo voluptate molestias qui ut illo quos dolores. Libero alias qui voluptas laboriosam perferendis.', 0, 1, '1997-12-25 00:48:47');
INSERT INTO `messages` (`id`, `from_user_id`, `to_user_id`, `community_id`, `body`, `is_important`, `is_delivered`, `created_at`) VALUES (90, 90, 90, 90, 'Praesentium aut consequatur asperiores est rem magnam beatae. Maiores consequatur cupiditate consequatur eligendi. Sed est voluptatibus voluptatibus minus et. Odio architecto voluptatem eius et et dolores eos.', 0, 1, '1990-01-27 17:36:48');
INSERT INTO `messages` (`id`, `from_user_id`, `to_user_id`, `community_id`, `body`, `is_important`, `is_delivered`, `created_at`) VALUES (91, 91, 91, 91, 'Incidunt nulla optio animi occaecati iste impedit neque. Sed atque illo mollitia voluptatibus atque iste. Eum consequatur voluptatem est dolorem at. Doloribus et pariatur aliquam nam qui repellat officia.', 0, 1, '2020-04-08 00:29:26');
INSERT INTO `messages` (`id`, `from_user_id`, `to_user_id`, `community_id`, `body`, `is_important`, `is_delivered`, `created_at`) VALUES (92, 92, 92, 92, 'Quis rerum tempora hic minima repellendus quis. Placeat fuga quam possimus qui. Natus ipsa quis ea aut. Consequatur quaerat accusantium sint magni perferendis.', 1, 0, '2005-09-18 20:49:58');
INSERT INTO `messages` (`id`, `from_user_id`, `to_user_id`, `community_id`, `body`, `is_important`, `is_delivered`, `created_at`) VALUES (93, 93, 93, 93, 'Odio nesciunt voluptatem quo inventore qui facere. Magnam explicabo illo aut eius culpa tenetur. Et corporis cupiditate accusantium consequuntur cupiditate quidem aliquid illum. Quia sint eum voluptatem itaque officia tenetur magnam nemo.', 0, 1, '1999-09-28 19:33:19');
INSERT INTO `messages` (`id`, `from_user_id`, `to_user_id`, `community_id`, `body`, `is_important`, `is_delivered`, `created_at`) VALUES (94, 94, 94, 94, 'Ad alias a animi autem enim rerum. Culpa ut rerum minus quo. Soluta sunt architecto voluptas veritatis esse. Et veniam et sit eos.', 0, 0, '2018-07-31 11:08:14');
INSERT INTO `messages` (`id`, `from_user_id`, `to_user_id`, `community_id`, `body`, `is_important`, `is_delivered`, `created_at`) VALUES (95, 95, 95, 95, 'Eos et alias temporibus deleniti quas. Dolorum officiis beatae cupiditate totam repudiandae. Voluptas velit culpa accusantium dolore.', 0, 1, '2004-11-28 12:45:18');
INSERT INTO `messages` (`id`, `from_user_id`, `to_user_id`, `community_id`, `body`, `is_important`, `is_delivered`, `created_at`) VALUES (96, 96, 96, 96, 'Voluptas quae sunt non illo qui ea dolorem. Qui laborum hic iusto et velit voluptates natus. Nisi at consectetur voluptatem quibusdam quis quaerat.', 0, 0, '1981-07-06 02:13:32');
INSERT INTO `messages` (`id`, `from_user_id`, `to_user_id`, `community_id`, `body`, `is_important`, `is_delivered`, `created_at`) VALUES (97, 97, 97, 97, 'Aut in ut qui velit facere dignissimos ut. Vitae molestiae aspernatur aut ut et. Quae possimus magni alias impedit omnis pariatur doloremque. Quos dicta qui quisquam consequuntur.', 0, 0, '1980-10-02 10:16:31');
INSERT INTO `messages` (`id`, `from_user_id`, `to_user_id`, `community_id`, `body`, `is_important`, `is_delivered`, `created_at`) VALUES (98, 98, 98, 98, 'Aliquam vero delectus iusto omnis. Fugiat aliquam et et ea quia magni aliquam. Nihil impedit placeat molestias. Quisquam quis et voluptatum ullam.', 1, 1, '1972-11-26 01:07:17');
INSERT INTO `messages` (`id`, `from_user_id`, `to_user_id`, `community_id`, `body`, `is_important`, `is_delivered`, `created_at`) VALUES (99, 99, 99, 99, 'Dignissimos consequuntur eum laboriosam perferendis eaque exercitationem possimus. Nam quia expedita deserunt voluptatem nihil doloribus. Voluptatem dolorum numquam asperiores et. Et rerum aliquid dolores et culpa omnis modi.', 1, 1, '1987-07-04 15:29:03');
INSERT INTO `messages` (`id`, `from_user_id`, `to_user_id`, `community_id`, `body`, `is_important`, `is_delivered`, `created_at`) VALUES (100, 100, 100, 100, 'Odit amet autem totam natus quod quo enim. Blanditiis nesciunt illum cumque nulla molestiae consequatur doloremque. Temporibus autem sed cum est maxime impedit nam. Aperiam recusandae iusto eligendi quia unde voluptatum.', 0, 1, '1988-07-09 23:24:41');


#
# TABLE STRUCTURE FOR: profiles
#

DROP TABLE IF EXISTS `profiles`;

CREATE TABLE `profiles` (
  `user_id` int(10) unsigned NOT NULL,
  `gender` char(1) COLLATE utf8_unicode_ci NOT NULL,
  `birthday` date DEFAULT NULL,
  `city` varchar(100) COLLATE utf8_unicode_ci DEFAULT NULL,
  `country` varchar(100) COLLATE utf8_unicode_ci DEFAULT NULL,
  PRIMARY KEY (`user_id`)
) ENGINE=InnoDB DEFAULT CHARSET=utf8 COLLATE=utf8_unicode_ci;

INSERT INTO `profiles` (`user_id`, `gender`, `birthday`, `city`, `country`) VALUES (1, 'f', '2014-02-28', 'Reagantown', 'similique');
INSERT INTO `profiles` (`user_id`, `gender`, `birthday`, `city`, `country`) VALUES (2, 'm', '1970-01-28', 'Lake Hoytfurt', 'fugit');
INSERT INTO `profiles` (`user_id`, `gender`, `birthday`, `city`, `country`) VALUES (3, 'f', '1978-11-14', 'Lake Martine', 'doloremque');
INSERT INTO `profiles` (`user_id`, `gender`, `birthday`, `city`, `country`) VALUES (4, 'm', '2006-04-22', 'Croninburgh', 'fugit');
INSERT INTO `profiles` (`user_id`, `gender`, `birthday`, `city`, `country`) VALUES (5, 'f', '1996-10-26', 'Lake Lily', 'blanditiis');
INSERT INTO `profiles` (`user_id`, `gender`, `birthday`, `city`, `country`) VALUES (6, 'f', '1971-09-05', 'East Anabelberg', 'architecto');
INSERT INTO `profiles` (`user_id`, `gender`, `birthday`, `city`, `country`) VALUES (7, 'f', '1988-01-13', 'South Gregg', 'corrupti');
INSERT INTO `profiles` (`user_id`, `gender`, `birthday`, `city`, `country`) VALUES (8, 'f', '2008-03-12', 'Arnulfoburgh', 'in');
INSERT INTO `profiles` (`user_id`, `gender`, `birthday`, `city`, `country`) VALUES (9, 'm', '1998-06-09', 'Deestad', 'eligendi');
INSERT INTO `profiles` (`user_id`, `gender`, `birthday`, `city`, `country`) VALUES (10, 'm', '1971-04-12', 'Port Antoinette', 'magnam');
INSERT INTO `profiles` (`user_id`, `gender`, `birthday`, `city`, `country`) VALUES (11, 'f', '1980-04-19', 'East Cornell', 'esse');
INSERT INTO `profiles` (`user_id`, `gender`, `birthday`, `city`, `country`) VALUES (12, 'm', '1992-07-15', 'Montanaside', 'nulla');
INSERT INTO `profiles` (`user_id`, `gender`, `birthday`, `city`, `country`) VALUES (13, 'm', '1998-03-30', 'Schadenmouth', 'veritatis');
INSERT INTO `profiles` (`user_id`, `gender`, `birthday`, `city`, `country`) VALUES (14, 'f', '1987-02-09', 'Port Clairland', 'nobis');
INSERT INTO `profiles` (`user_id`, `gender`, `birthday`, `city`, `country`) VALUES (15, 'f', '2007-11-26', 'New Annamariehaven', 'minima');
INSERT INTO `profiles` (`user_id`, `gender`, `birthday`, `city`, `country`) VALUES (16, 'm', '2012-12-30', 'Dylanton', 'aliquam');
INSERT INTO `profiles` (`user_id`, `gender`, `birthday`, `city`, `country`) VALUES (17, 'f', '2015-08-11', 'New D\'angelo', 'odit');
INSERT INTO `profiles` (`user_id`, `gender`, `birthday`, `city`, `country`) VALUES (18, 'f', '1974-02-20', 'McCulloughmouth', 'accusamus');
INSERT INTO `profiles` (`user_id`, `gender`, `birthday`, `city`, `country`) VALUES (19, 'f', '1996-11-22', 'Maritzaton', 'ut');
INSERT INTO `profiles` (`user_id`, `gender`, `birthday`, `city`, `country`) VALUES (20, 'm', '2006-08-02', 'Annalisetown', 'atque');
INSERT INTO `profiles` (`user_id`, `gender`, `birthday`, `city`, `country`) VALUES (21, 'f', '1977-12-20', 'Christianafurt', 'totam');
INSERT INTO `profiles` (`user_id`, `gender`, `birthday`, `city`, `country`) VALUES (22, 'm', '1990-07-23', 'Klingfort', 'ut');
INSERT INTO `profiles` (`user_id`, `gender`, `birthday`, `city`, `country`) VALUES (23, 'm', '1972-02-15', 'Port Danielle', 'commodi');
INSERT INTO `profiles` (`user_id`, `gender`, `birthday`, `city`, `country`) VALUES (24, 'f', '1990-07-03', 'East Ethel', 'in');
INSERT INTO `profiles` (`user_id`, `gender`, `birthday`, `city`, `country`) VALUES (25, 'm', '2005-06-01', 'Haagbury', 'nulla');
INSERT INTO `profiles` (`user_id`, `gender`, `birthday`, `city`, `country`) VALUES (26, 'm', '1990-12-06', 'North Reanna', 'nihil');
INSERT INTO `profiles` (`user_id`, `gender`, `birthday`, `city`, `country`) VALUES (27, 'f', '1977-05-25', 'West Annamae', 'voluptas');
INSERT INTO `profiles` (`user_id`, `gender`, `birthday`, `city`, `country`) VALUES (28, 'f', '2013-03-21', 'Wunschbury', 'similique');
INSERT INTO `profiles` (`user_id`, `gender`, `birthday`, `city`, `country`) VALUES (29, 'm', '1971-09-01', 'Jerdeton', 'et');
INSERT INTO `profiles` (`user_id`, `gender`, `birthday`, `city`, `country`) VALUES (30, 'f', '2013-11-05', 'West Arvid', 'dignissimos');
INSERT INTO `profiles` (`user_id`, `gender`, `birthday`, `city`, `country`) VALUES (31, 'm', '1970-03-13', 'Tyrelburgh', 'ad');
INSERT INTO `profiles` (`user_id`, `gender`, `birthday`, `city`, `country`) VALUES (32, 'f', '2002-06-07', 'Brekkechester', 'velit');
INSERT INTO `profiles` (`user_id`, `gender`, `birthday`, `city`, `country`) VALUES (33, 'm', '1971-01-02', 'Port Jamarcus', 'sint');
INSERT INTO `profiles` (`user_id`, `gender`, `birthday`, `city`, `country`) VALUES (34, 'm', '2005-03-16', 'East Nathaniel', 'qui');
INSERT INTO `profiles` (`user_id`, `gender`, `birthday`, `city`, `country`) VALUES (35, 'm', '2019-08-10', 'Wintheiserside', 'commodi');
INSERT INTO `profiles` (`user_id`, `gender`, `birthday`, `city`, `country`) VALUES (36, 'm', '1972-07-23', 'West Felton', 'asperiores');
INSERT INTO `profiles` (`user_id`, `gender`, `birthday`, `city`, `country`) VALUES (37, 'm', '1978-02-17', 'Gradyview', 'consequatur');
INSERT INTO `profiles` (`user_id`, `gender`, `birthday`, `city`, `country`) VALUES (38, 'm', '1976-01-06', 'Port Rogerside', 'rem');
INSERT INTO `profiles` (`user_id`, `gender`, `birthday`, `city`, `country`) VALUES (39, 'f', '2005-02-18', 'Port Katrina', 'magnam');
INSERT INTO `profiles` (`user_id`, `gender`, `birthday`, `city`, `country`) VALUES (40, 'm', '1985-06-17', 'North Pearlineport', 'architecto');
INSERT INTO `profiles` (`user_id`, `gender`, `birthday`, `city`, `country`) VALUES (41, 'm', '1995-10-18', 'West Brendon', 'sed');
INSERT INTO `profiles` (`user_id`, `gender`, `birthday`, `city`, `country`) VALUES (42, 'f', '1977-05-17', 'Port Cletabury', 'explicabo');
INSERT INTO `profiles` (`user_id`, `gender`, `birthday`, `city`, `country`) VALUES (43, 'm', '1987-02-22', 'New Devante', 'non');
INSERT INTO `profiles` (`user_id`, `gender`, `birthday`, `city`, `country`) VALUES (44, 'f', '2001-02-07', 'Welchmouth', 'vel');
INSERT INTO `profiles` (`user_id`, `gender`, `birthday`, `city`, `country`) VALUES (45, 'm', '1998-07-18', 'Buckridgefort', 'ea');
INSERT INTO `profiles` (`user_id`, `gender`, `birthday`, `city`, `country`) VALUES (46, 'm', '2002-05-31', 'Eltonview', 'fuga');
INSERT INTO `profiles` (`user_id`, `gender`, `birthday`, `city`, `country`) VALUES (47, 'm', '2006-02-25', 'Giovanniberg', 'asperiores');
INSERT INTO `profiles` (`user_id`, `gender`, `birthday`, `city`, `country`) VALUES (48, 'f', '1998-11-09', 'Port Kaydenchester', 'et');
INSERT INTO `profiles` (`user_id`, `gender`, `birthday`, `city`, `country`) VALUES (49, 'm', '2003-08-05', 'Abbottville', 'et');
INSERT INTO `profiles` (`user_id`, `gender`, `birthday`, `city`, `country`) VALUES (50, 'm', '2000-06-08', 'Doylestad', 'odit');
INSERT INTO `profiles` (`user_id`, `gender`, `birthday`, `city`, `country`) VALUES (51, 'm', '1988-11-12', 'Port Jessie', 'delectus');
INSERT INTO `profiles` (`user_id`, `gender`, `birthday`, `city`, `country`) VALUES (52, 'm', '2019-07-24', 'New Kennithbury', 'reprehenderit');
INSERT INTO `profiles` (`user_id`, `gender`, `birthday`, `city`, `country`) VALUES (53, 'm', '2011-10-18', 'Lake Cecile', 'quia');
INSERT INTO `profiles` (`user_id`, `gender`, `birthday`, `city`, `country`) VALUES (54, 'm', '2006-08-17', 'West Kevenchester', 'iure');
INSERT INTO `profiles` (`user_id`, `gender`, `birthday`, `city`, `country`) VALUES (55, 'f', '2020-02-26', 'Nicolettefort', 'eum');
INSERT INTO `profiles` (`user_id`, `gender`, `birthday`, `city`, `country`) VALUES (56, 'f', '1977-02-25', 'North Kylieville', 'cupiditate');
INSERT INTO `profiles` (`user_id`, `gender`, `birthday`, `city`, `country`) VALUES (57, 'm', '1996-05-21', 'Lake Dejonton', 'id');
INSERT INTO `profiles` (`user_id`, `gender`, `birthday`, `city`, `country`) VALUES (58, 'm', '1976-11-15', 'Kariannefort', 'aut');
INSERT INTO `profiles` (`user_id`, `gender`, `birthday`, `city`, `country`) VALUES (59, 'f', '2010-04-23', 'Funkland', 'eos');
INSERT INTO `profiles` (`user_id`, `gender`, `birthday`, `city`, `country`) VALUES (60, 'm', '1988-01-09', 'Elenamouth', 'corrupti');
INSERT INTO `profiles` (`user_id`, `gender`, `birthday`, `city`, `country`) VALUES (61, 'm', '2002-04-23', 'Lueilwitzchester', 'eum');
INSERT INTO `profiles` (`user_id`, `gender`, `birthday`, `city`, `country`) VALUES (62, 'f', '2003-08-16', 'Roxannehaven', 'molestiae');
INSERT INTO `profiles` (`user_id`, `gender`, `birthday`, `city`, `country`) VALUES (63, 'm', '2006-09-07', 'Hudsonmouth', 'et');
INSERT INTO `profiles` (`user_id`, `gender`, `birthday`, `city`, `country`) VALUES (64, 'm', '2006-02-15', 'Jerdeport', 'omnis');
INSERT INTO `profiles` (`user_id`, `gender`, `birthday`, `city`, `country`) VALUES (65, 'f', '1972-07-31', 'Deckowburgh', 'amet');
INSERT INTO `profiles` (`user_id`, `gender`, `birthday`, `city`, `country`) VALUES (66, 'f', '1985-10-16', 'Port Verner', 'provident');
INSERT INTO `profiles` (`user_id`, `gender`, `birthday`, `city`, `country`) VALUES (67, 'm', '2015-01-06', 'Retamouth', 'dignissimos');
INSERT INTO `profiles` (`user_id`, `gender`, `birthday`, `city`, `country`) VALUES (68, 'm', '1988-08-01', 'North Richmond', 'aperiam');
INSERT INTO `profiles` (`user_id`, `gender`, `birthday`, `city`, `country`) VALUES (69, 'f', '1985-08-11', 'New Kenyonbury', 'quia');
INSERT INTO `profiles` (`user_id`, `gender`, `birthday`, `city`, `country`) VALUES (70, 'm', '1999-09-06', 'North Bertburgh', 'similique');
INSERT INTO `profiles` (`user_id`, `gender`, `birthday`, `city`, `country`) VALUES (71, 'f', '2005-07-14', 'New Joaniestad', 'ipsum');
INSERT INTO `profiles` (`user_id`, `gender`, `birthday`, `city`, `country`) VALUES (72, 'm', '1977-05-01', 'Beckerfort', 'cumque');
INSERT INTO `profiles` (`user_id`, `gender`, `birthday`, `city`, `country`) VALUES (73, 'm', '1993-03-15', 'South Vicky', 'facere');
INSERT INTO `profiles` (`user_id`, `gender`, `birthday`, `city`, `country`) VALUES (74, 'm', '1991-02-05', 'Ilaside', 'sit');
INSERT INTO `profiles` (`user_id`, `gender`, `birthday`, `city`, `country`) VALUES (75, 'm', '1976-03-15', 'West Elwyn', 'voluptatum');
INSERT INTO `profiles` (`user_id`, `gender`, `birthday`, `city`, `country`) VALUES (76, 'f', '1982-03-17', 'New Jaleel', 'sint');
INSERT INTO `profiles` (`user_id`, `gender`, `birthday`, `city`, `country`) VALUES (77, 'm', '2011-08-21', 'Lake Theresachester', 'qui');
INSERT INTO `profiles` (`user_id`, `gender`, `birthday`, `city`, `country`) VALUES (78, 'm', '2010-10-17', 'Wisozkstad', 'nulla');
INSERT INTO `profiles` (`user_id`, `gender`, `birthday`, `city`, `country`) VALUES (79, 'f', '1980-05-20', 'East Raymundo', 'ducimus');
INSERT INTO `profiles` (`user_id`, `gender`, `birthday`, `city`, `country`) VALUES (80, 'f', '1988-02-06', 'East Tevin', 'ex');
INSERT INTO `profiles` (`user_id`, `gender`, `birthday`, `city`, `country`) VALUES (81, 'm', '2009-05-15', 'North Arlie', 'et');
INSERT INTO `profiles` (`user_id`, `gender`, `birthday`, `city`, `country`) VALUES (82, 'f', '1996-07-07', 'East Stephon', 'veritatis');
INSERT INTO `profiles` (`user_id`, `gender`, `birthday`, `city`, `country`) VALUES (83, 'm', '1987-02-06', 'South Drewtown', 'et');
INSERT INTO `profiles` (`user_id`, `gender`, `birthday`, `city`, `country`) VALUES (84, 'm', '1995-07-23', 'West Graham', 'magni');
INSERT INTO `profiles` (`user_id`, `gender`, `birthday`, `city`, `country`) VALUES (85, 'f', '1986-05-08', 'Port Retabury', 'voluptas');
INSERT INTO `profiles` (`user_id`, `gender`, `birthday`, `city`, `country`) VALUES (86, 'm', '1987-07-01', 'Idaside', 'consequatur');
INSERT INTO `profiles` (`user_id`, `gender`, `birthday`, `city`, `country`) VALUES (87, 'm', '2017-11-23', 'New Suzanneton', 'sapiente');
INSERT INTO `profiles` (`user_id`, `gender`, `birthday`, `city`, `country`) VALUES (88, 'm', '1976-02-18', 'Port Zaria', 'reiciendis');
INSERT INTO `profiles` (`user_id`, `gender`, `birthday`, `city`, `country`) VALUES (89, 'f', '1982-06-16', 'Abernathychester', 'corrupti');
INSERT INTO `profiles` (`user_id`, `gender`, `birthday`, `city`, `country`) VALUES (90, 'f', '2005-11-11', 'North Rudy', 'quia');
INSERT INTO `profiles` (`user_id`, `gender`, `birthday`, `city`, `country`) VALUES (91, 'm', '1984-04-08', 'Selmerchester', 'magnam');
INSERT INTO `profiles` (`user_id`, `gender`, `birthday`, `city`, `country`) VALUES (92, 'm', '2009-12-28', 'Olenbury', 'asperiores');
INSERT INTO `profiles` (`user_id`, `gender`, `birthday`, `city`, `country`) VALUES (93, 'm', '1991-01-16', 'Langoshmouth', 'rerum');
INSERT INTO `profiles` (`user_id`, `gender`, `birthday`, `city`, `country`) VALUES (94, 'f', '2010-01-04', 'Everettburgh', 'dolorem');
INSERT INTO `profiles` (`user_id`, `gender`, `birthday`, `city`, `country`) VALUES (95, 'f', '2011-03-23', 'Port Shanieborough', 'similique');
INSERT INTO `profiles` (`user_id`, `gender`, `birthday`, `city`, `country`) VALUES (96, 'f', '1971-07-13', 'East Price', 'voluptas');
INSERT INTO `profiles` (`user_id`, `gender`, `birthday`, `city`, `country`) VALUES (97, 'm', '1975-04-16', 'Welchstad', 'voluptatem');
INSERT INTO `profiles` (`user_id`, `gender`, `birthday`, `city`, `country`) VALUES (98, 'f', '2007-11-13', 'North Bernadettehaven', 'exercitationem');
INSERT INTO `profiles` (`user_id`, `gender`, `birthday`, `city`, `country`) VALUES (99, 'f', '1999-03-31', 'Schmidtshire', 'nostrum');
INSERT INTO `profiles` (`user_id`, `gender`, `birthday`, `city`, `country`) VALUES (100, 'f', '2018-09-16', 'Lake Alexandria', 'eum');


#
# TABLE STRUCTURE FOR: users
#

DROP TABLE IF EXISTS `users`;

CREATE TABLE `users` (
  `id` int(10) unsigned NOT NULL AUTO_INCREMENT,
  `first_name` varchar(100) COLLATE utf8_unicode_ci NOT NULL,
  `last_name` varchar(100) COLLATE utf8_unicode_ci NOT NULL,
  `email` varchar(120) COLLATE utf8_unicode_ci NOT NULL,
  `phone` varchar(120) COLLATE utf8_unicode_ci NOT NULL,
  `created_at` datetime DEFAULT current_timestamp(),
  `updated_at` datetime DEFAULT current_timestamp() ON UPDATE current_timestamp(),
  PRIMARY KEY (`id`),
  UNIQUE KEY `email` (`email`),
  UNIQUE KEY `phone` (`phone`)
) ENGINE=InnoDB AUTO_INCREMENT=101 DEFAULT CHARSET=utf8 COLLATE=utf8_unicode_ci;

INSERT INTO `users` (`id`, `first_name`, `last_name`, `email`, `phone`, `created_at`, `updated_at`) VALUES (1, 'Bernadine', 'Gorczany', 'elvera83@example.net', '(909)445-6288x4000', '1977-05-18 01:08:46', '1993-02-17 07:10:24');
INSERT INTO `users` (`id`, `first_name`, `last_name`, `email`, `phone`, `created_at`, `updated_at`) VALUES (2, 'Sylvan', 'Schulist', 'dpadberg@example.net', '(696)878-5754x3338', '2002-12-25 22:07:01', '2006-08-24 05:10:20');
INSERT INTO `users` (`id`, `first_name`, `last_name`, `email`, `phone`, `created_at`, `updated_at`) VALUES (3, 'Marietta', 'Schneider', 'reid37@example.com', '(232)166-1077x2441', '1980-07-28 18:33:59', '1999-12-14 08:10:07');
INSERT INTO `users` (`id`, `first_name`, `last_name`, `email`, `phone`, `created_at`, `updated_at`) VALUES (4, 'Kiara', 'Hahn', 'strosin.ova@example.com', '1-195-003-8435x44140', '1974-08-14 07:11:42', '2008-08-10 07:06:47');
INSERT INTO `users` (`id`, `first_name`, `last_name`, `email`, `phone`, `created_at`, `updated_at`) VALUES (5, 'Keagan', 'Upton', 'zmueller@example.com', '725.788.0919x93627', '1980-05-09 10:09:26', '2006-03-02 19:28:40');
INSERT INTO `users` (`id`, `first_name`, `last_name`, `email`, `phone`, `created_at`, `updated_at`) VALUES (6, 'Evert', 'Dicki', 'donnelly.easton@example.org', '087-655-0206', '1974-09-06 20:29:12', '2002-12-24 14:21:28');
INSERT INTO `users` (`id`, `first_name`, `last_name`, `email`, `phone`, `created_at`, `updated_at`) VALUES (7, 'Kelton', 'Klocko', 'oskiles@example.com', '750.379.0785x340', '1975-05-24 02:12:05', '1993-04-07 13:09:38');
INSERT INTO `users` (`id`, `first_name`, `last_name`, `email`, `phone`, `created_at`, `updated_at`) VALUES (8, 'Tess', 'Deckow', 'mariana.reinger@example.com', '1-632-402-5220x702', '1983-03-15 19:36:37', '1992-12-07 18:11:27');
INSERT INTO `users` (`id`, `first_name`, `last_name`, `email`, `phone`, `created_at`, `updated_at`) VALUES (9, 'Cleta', 'Bartoletti', 'kevin.becker@example.net', '(723)088-5247x740', '1979-02-17 17:19:39', '1979-03-04 17:23:14');
INSERT INTO `users` (`id`, `first_name`, `last_name`, `email`, `phone`, `created_at`, `updated_at`) VALUES (10, 'Wilford', 'Kreiger', 'bert74@example.com', '01931617838', '2014-07-05 07:45:30', '1981-01-14 00:21:24');
INSERT INTO `users` (`id`, `first_name`, `last_name`, `email`, `phone`, `created_at`, `updated_at`) VALUES (11, 'Javon', 'Veum', 'vickie.kuphal@example.net', '(484)182-9113x4324', '1995-01-22 19:57:12', '1998-04-18 03:37:36');
INSERT INTO `users` (`id`, `first_name`, `last_name`, `email`, `phone`, `created_at`, `updated_at`) VALUES (12, 'Alayna', 'Collier', 'hoeger.terrill@example.org', '(950)443-3019x81685', '2003-05-03 02:17:15', '2007-05-08 17:22:50');
INSERT INTO `users` (`id`, `first_name`, `last_name`, `email`, `phone`, `created_at`, `updated_at`) VALUES (13, 'Esmeralda', 'Okuneva', 'dee01@example.com', '287.004.7469x44115', '1981-02-28 16:28:57', '1978-09-17 21:26:16');
INSERT INTO `users` (`id`, `first_name`, `last_name`, `email`, `phone`, `created_at`, `updated_at`) VALUES (14, 'Walker', 'Brown', 'alaina.spencer@example.com', '589.165.3216x40244', '2002-11-21 04:03:08', '2002-02-14 10:01:55');
INSERT INTO `users` (`id`, `first_name`, `last_name`, `email`, `phone`, `created_at`, `updated_at`) VALUES (15, 'Santina', 'Cronin', 'simonis.flossie@example.org', '920.768.6276x23750', '2013-10-30 12:51:20', '1999-10-30 20:21:34');
INSERT INTO `users` (`id`, `first_name`, `last_name`, `email`, `phone`, `created_at`, `updated_at`) VALUES (16, 'Misael', 'Auer', 'elizabeth.mosciski@example.com', '489-142-3245x5134', '1980-12-21 22:22:30', '2014-07-12 21:34:55');
INSERT INTO `users` (`id`, `first_name`, `last_name`, `email`, `phone`, `created_at`, `updated_at`) VALUES (17, 'Miller', 'Sanford', 'clarissa35@example.org', '01321654760', '2006-07-12 17:31:48', '1993-05-16 13:48:10');
INSERT INTO `users` (`id`, `first_name`, `last_name`, `email`, `phone`, `created_at`, `updated_at`) VALUES (18, 'Koby', 'Hammes', 'ray73@example.org', '660-799-7214', '1992-09-08 01:36:42', '1998-02-26 02:17:29');
INSERT INTO `users` (`id`, `first_name`, `last_name`, `email`, `phone`, `created_at`, `updated_at`) VALUES (19, 'Elroy', 'Streich', 'gerhard.barrows@example.net', '+68(4)2747255993', '1992-03-04 11:19:08', '1979-02-21 17:51:48');
INSERT INTO `users` (`id`, `first_name`, `last_name`, `email`, `phone`, `created_at`, `updated_at`) VALUES (20, 'Pearlie', 'Klocko', 'yost.vincent@example.com', '1-676-984-4104', '1980-07-24 02:52:48', '2003-10-14 20:24:14');
INSERT INTO `users` (`id`, `first_name`, `last_name`, `email`, `phone`, `created_at`, `updated_at`) VALUES (21, 'Luther', 'Klocko', 'leannon.clark@example.com', '283.175.1149x000', '2018-02-20 17:57:04', '1971-06-10 16:09:12');
INSERT INTO `users` (`id`, `first_name`, `last_name`, `email`, `phone`, `created_at`, `updated_at`) VALUES (22, 'Chester', 'Oberbrunner', 'rlemke@example.com', '362-995-7042', '1979-04-28 22:01:24', '1996-02-29 02:08:14');
INSERT INTO `users` (`id`, `first_name`, `last_name`, `email`, `phone`, `created_at`, `updated_at`) VALUES (23, 'Sage', 'Bruen', 'sven.harvey@example.net', '757.668.2663x1257', '1984-06-17 01:37:13', '2018-03-23 14:15:27');
INSERT INTO `users` (`id`, `first_name`, `last_name`, `email`, `phone`, `created_at`, `updated_at`) VALUES (24, 'Billie', 'Powlowski', 'mcclure.carleton@example.org', '+60(3)2833195292', '1988-11-21 06:52:30', '1976-11-03 23:00:17');
INSERT INTO `users` (`id`, `first_name`, `last_name`, `email`, `phone`, `created_at`, `updated_at`) VALUES (25, 'Mitchell', 'Durgan', 'cmarvin@example.net', '171.391.7724', '2004-10-27 11:08:06', '2015-08-09 21:57:14');
INSERT INTO `users` (`id`, `first_name`, `last_name`, `email`, `phone`, `created_at`, `updated_at`) VALUES (26, 'Elmore', 'Blanda', 'tony18@example.org', '+76(0)9245787938', '1987-11-08 14:17:10', '1978-02-21 03:36:16');
INSERT INTO `users` (`id`, `first_name`, `last_name`, `email`, `phone`, `created_at`, `updated_at`) VALUES (27, 'Bridget', 'Gaylord', 'waters.barney@example.com', '+91(2)4760439225', '1983-07-17 05:44:48', '1997-10-02 00:50:00');
INSERT INTO `users` (`id`, `first_name`, `last_name`, `email`, `phone`, `created_at`, `updated_at`) VALUES (28, 'Donny', 'Carroll', 'earnestine09@example.org', '641.985.2535', '2015-05-08 06:33:05', '1971-01-03 09:36:06');
INSERT INTO `users` (`id`, `first_name`, `last_name`, `email`, `phone`, `created_at`, `updated_at`) VALUES (29, 'Rebekah', 'Collins', 'lenora70@example.net', '03756734179', '1971-12-05 20:02:15', '1995-06-09 15:03:12');
INSERT INTO `users` (`id`, `first_name`, `last_name`, `email`, `phone`, `created_at`, `updated_at`) VALUES (30, 'Jarrett', 'Macejkovic', 'gloria.koepp@example.com', '1-651-083-2421x4500', '2012-06-23 15:46:48', '2015-01-10 02:02:52');
INSERT INTO `users` (`id`, `first_name`, `last_name`, `email`, `phone`, `created_at`, `updated_at`) VALUES (31, 'Antonia', 'Ziemann', 'nbeier@example.net', '(758)670-0383x74986', '2001-07-01 09:37:09', '1983-07-12 09:40:41');
INSERT INTO `users` (`id`, `first_name`, `last_name`, `email`, `phone`, `created_at`, `updated_at`) VALUES (32, 'Omer', 'Larson', 'millie.welch@example.net', '(692)183-7780x57360', '1984-06-15 22:42:45', '1989-11-23 09:10:34');
INSERT INTO `users` (`id`, `first_name`, `last_name`, `email`, `phone`, `created_at`, `updated_at`) VALUES (33, 'Jon', 'Effertz', 'brice@example.net', '378.182.1653', '1999-11-16 00:57:01', '1973-04-29 18:48:54');
INSERT INTO `users` (`id`, `first_name`, `last_name`, `email`, `phone`, `created_at`, `updated_at`) VALUES (34, 'Annie', 'Maggio', 'hank.kessler@example.com', '+25(7)8916428095', '1988-02-19 19:23:40', '2000-04-09 04:12:47');
INSERT INTO `users` (`id`, `first_name`, `last_name`, `email`, `phone`, `created_at`, `updated_at`) VALUES (35, 'Judson', 'Larkin', 'cynthia81@example.org', '478.162.5873x147', '1984-03-25 17:35:29', '1994-04-20 22:41:11');
INSERT INTO `users` (`id`, `first_name`, `last_name`, `email`, `phone`, `created_at`, `updated_at`) VALUES (36, 'Robbie', 'Berge', 'eula.lynch@example.org', '+01(7)4839270575', '1975-10-29 08:46:16', '1981-06-27 13:22:07');
INSERT INTO `users` (`id`, `first_name`, `last_name`, `email`, `phone`, `created_at`, `updated_at`) VALUES (37, 'Aubrey', 'Rohan', 'florence89@example.org', '(721)182-6983x7002', '2008-05-16 03:51:13', '1983-01-15 04:20:58');
INSERT INTO `users` (`id`, `first_name`, `last_name`, `email`, `phone`, `created_at`, `updated_at`) VALUES (38, 'Blaze', 'Effertz', 'adriel.wilderman@example.org', '003-850-8534x9343', '2007-02-04 22:36:56', '2015-10-25 20:26:02');
INSERT INTO `users` (`id`, `first_name`, `last_name`, `email`, `phone`, `created_at`, `updated_at`) VALUES (39, 'Jabari', 'Bauch', 'arnold.hintz@example.net', '625.991.6502', '2009-01-19 06:06:13', '1989-05-06 00:27:43');
INSERT INTO `users` (`id`, `first_name`, `last_name`, `email`, `phone`, `created_at`, `updated_at`) VALUES (40, 'Maybelle', 'O\'Kon', 'lacy.pagac@example.net', '953-150-7744x0437', '1974-04-04 09:23:23', '1991-07-03 16:10:58');
INSERT INTO `users` (`id`, `first_name`, `last_name`, `email`, `phone`, `created_at`, `updated_at`) VALUES (41, 'Gudrun', 'Kohler', 'danika.thompson@example.net', '(859)570-5032', '2004-09-20 12:57:15', '2008-12-22 15:52:55');
INSERT INTO `users` (`id`, `first_name`, `last_name`, `email`, `phone`, `created_at`, `updated_at`) VALUES (42, 'Tamara', 'Turner', 'elmira67@example.net', '302-623-4023x290', '2001-01-11 14:45:28', '2011-05-20 10:48:30');
INSERT INTO `users` (`id`, `first_name`, `last_name`, `email`, `phone`, `created_at`, `updated_at`) VALUES (43, 'Claire', 'Kub', 'mconn@example.net', '1-347-609-5793x9518', '2003-06-27 00:54:26', '2003-05-21 18:23:55');
INSERT INTO `users` (`id`, `first_name`, `last_name`, `email`, `phone`, `created_at`, `updated_at`) VALUES (44, 'Cassandra', 'Herman', 'beverly.hoeger@example.org', '829-005-3577', '2015-03-31 05:38:56', '1986-05-14 14:52:46');
INSERT INTO `users` (`id`, `first_name`, `last_name`, `email`, `phone`, `created_at`, `updated_at`) VALUES (45, 'Verner', 'Stracke', 'qbreitenberg@example.com', '(284)641-3916', '1998-08-29 11:57:06', '1989-05-31 12:26:56');
INSERT INTO `users` (`id`, `first_name`, `last_name`, `email`, `phone`, `created_at`, `updated_at`) VALUES (46, 'Jules', 'Breitenberg', 'kiara46@example.net', '+80(8)2941063576', '2011-06-20 02:27:06', '1973-04-15 06:11:29');
INSERT INTO `users` (`id`, `first_name`, `last_name`, `email`, `phone`, `created_at`, `updated_at`) VALUES (47, 'Arden', 'Kovacek', 'uemard@example.org', '00083951782', '2016-01-20 05:54:07', '1984-08-19 06:08:38');
INSERT INTO `users` (`id`, `first_name`, `last_name`, `email`, `phone`, `created_at`, `updated_at`) VALUES (48, 'Justine', 'Christiansen', 'priscilla69@example.org', '(072)194-0032', '1995-04-06 09:28:45', '1998-03-08 07:35:21');
INSERT INTO `users` (`id`, `first_name`, `last_name`, `email`, `phone`, `created_at`, `updated_at`) VALUES (49, 'Noelia', 'Beahan', 'gpacocha@example.net', '+81(9)6897588955', '1972-10-06 23:37:35', '2005-02-22 10:06:46');
INSERT INTO `users` (`id`, `first_name`, `last_name`, `email`, `phone`, `created_at`, `updated_at`) VALUES (50, 'Phoebe', 'Bogisich', 'octavia20@example.org', '02982737023', '1991-06-22 03:42:42', '2018-03-14 18:28:29');
INSERT INTO `users` (`id`, `first_name`, `last_name`, `email`, `phone`, `created_at`, `updated_at`) VALUES (51, 'Audreanne', 'Mohr', 'mckenna.dicki@example.com', '(839)176-6381', '1980-07-10 08:36:35', '2000-02-25 21:25:39');
INSERT INTO `users` (`id`, `first_name`, `last_name`, `email`, `phone`, `created_at`, `updated_at`) VALUES (52, 'Ross', 'Volkman', 'rogers69@example.org', '884.591.7228', '1986-03-02 15:02:25', '1999-09-21 09:37:44');
INSERT INTO `users` (`id`, `first_name`, `last_name`, `email`, `phone`, `created_at`, `updated_at`) VALUES (53, 'Jazmin', 'Deckow', 'fframi@example.com', '05418327686', '2003-05-22 08:58:36', '2010-11-15 22:51:00');
INSERT INTO `users` (`id`, `first_name`, `last_name`, `email`, `phone`, `created_at`, `updated_at`) VALUES (54, 'Troy', 'Upton', 'major.terry@example.org', '1-409-454-2803', '1995-08-25 05:38:13', '1976-12-02 22:44:57');
INSERT INTO `users` (`id`, `first_name`, `last_name`, `email`, `phone`, `created_at`, `updated_at`) VALUES (55, 'Gayle', 'Hickle', 'daphne67@example.org', '1-049-989-6803x335', '1979-03-28 07:15:35', '1971-03-02 18:19:19');
INSERT INTO `users` (`id`, `first_name`, `last_name`, `email`, `phone`, `created_at`, `updated_at`) VALUES (56, 'Estell', 'Turner', 'helene64@example.net', '1-384-762-5166x86253', '2013-05-24 04:51:11', '1976-07-03 23:36:37');
INSERT INTO `users` (`id`, `first_name`, `last_name`, `email`, `phone`, `created_at`, `updated_at`) VALUES (57, 'Rosella', 'Romaguera', 'dcollins@example.com', '03906525797', '1975-10-27 05:32:04', '1990-07-07 06:52:12');
INSERT INTO `users` (`id`, `first_name`, `last_name`, `email`, `phone`, `created_at`, `updated_at`) VALUES (58, 'Archibald', 'Cartwright', 'elta.conroy@example.com', '033.171.6061', '1998-07-28 11:49:12', '1994-09-18 02:36:04');
INSERT INTO `users` (`id`, `first_name`, `last_name`, `email`, `phone`, `created_at`, `updated_at`) VALUES (59, 'Abigail', 'Schoen', 'litzy21@example.net', '08632379820', '2019-01-31 22:33:35', '2014-01-01 04:08:02');
INSERT INTO `users` (`id`, `first_name`, `last_name`, `email`, `phone`, `created_at`, `updated_at`) VALUES (60, 'Marilie', 'Funk', 'miller.grant@example.net', '1-037-900-2364x137', '1995-05-18 20:01:34', '2012-09-16 21:51:23');
INSERT INTO `users` (`id`, `first_name`, `last_name`, `email`, `phone`, `created_at`, `updated_at`) VALUES (61, 'Gwendolyn', 'Kertzmann', 'jed42@example.org', '05391052944', '1994-05-13 07:40:21', '2010-09-19 03:16:29');
INSERT INTO `users` (`id`, `first_name`, `last_name`, `email`, `phone`, `created_at`, `updated_at`) VALUES (62, 'Lenore', 'Roberts', 'littel.arnold@example.com', '928.317.9166x760', '1992-02-05 03:41:20', '2005-01-28 16:57:04');
INSERT INTO `users` (`id`, `first_name`, `last_name`, `email`, `phone`, `created_at`, `updated_at`) VALUES (63, 'Talon', 'Hoppe', 'otho.krajcik@example.org', '(224)144-3964', '1984-11-23 06:21:14', '2015-06-01 16:30:05');
INSERT INTO `users` (`id`, `first_name`, `last_name`, `email`, `phone`, `created_at`, `updated_at`) VALUES (64, 'Andy', 'Labadie', 'mittie76@example.net', '918-793-5161x0092', '1998-04-26 18:12:25', '1990-07-21 08:03:42');
INSERT INTO `users` (`id`, `first_name`, `last_name`, `email`, `phone`, `created_at`, `updated_at`) VALUES (65, 'Chadrick', 'Feil', 'retha.kulas@example.net', '(155)801-7565x821', '2018-03-27 10:26:56', '1974-01-09 17:43:53');
INSERT INTO `users` (`id`, `first_name`, `last_name`, `email`, `phone`, `created_at`, `updated_at`) VALUES (66, 'Stella', 'Sawayn', 'maia.jerde@example.org', '1-962-917-3730x8799', '1981-09-03 14:08:02', '1989-09-02 19:32:25');
INSERT INTO `users` (`id`, `first_name`, `last_name`, `email`, `phone`, `created_at`, `updated_at`) VALUES (67, 'Roman', 'Denesik', 'vernie.schuppe@example.org', '03282534037', '2017-03-12 21:15:26', '2017-04-03 11:37:17');
INSERT INTO `users` (`id`, `first_name`, `last_name`, `email`, `phone`, `created_at`, `updated_at`) VALUES (68, 'Allan', 'Mueller', 'jeanie64@example.net', '712-122-7232x20401', '1996-09-21 23:31:06', '1986-05-01 03:10:24');
INSERT INTO `users` (`id`, `first_name`, `last_name`, `email`, `phone`, `created_at`, `updated_at`) VALUES (69, 'Barrett', 'Zboncak', 'wschaden@example.com', '1-350-331-9918', '1983-04-07 06:52:44', '1981-03-25 05:01:49');
INSERT INTO `users` (`id`, `first_name`, `last_name`, `email`, `phone`, `created_at`, `updated_at`) VALUES (70, 'Alf', 'Schiller', 'richmond.borer@example.net', '1-094-379-1789x44560', '1999-09-26 00:52:39', '2007-04-16 20:04:01');
INSERT INTO `users` (`id`, `first_name`, `last_name`, `email`, `phone`, `created_at`, `updated_at`) VALUES (71, 'Abe', 'Koelpin', 'dlarkin@example.com', '574.639.2439x947', '1972-07-18 02:49:34', '2005-04-15 06:05:22');
INSERT INTO `users` (`id`, `first_name`, `last_name`, `email`, `phone`, `created_at`, `updated_at`) VALUES (72, 'Elwin', 'Kreiger', 'colin77@example.com', '243-737-4586x6957', '2005-07-13 04:35:49', '1978-01-17 22:45:13');
INSERT INTO `users` (`id`, `first_name`, `last_name`, `email`, `phone`, `created_at`, `updated_at`) VALUES (73, 'Domenica', 'Cronin', 'kane.dickens@example.net', '639-712-7235x673', '1991-12-04 00:00:27', '1993-06-24 20:18:45');
INSERT INTO `users` (`id`, `first_name`, `last_name`, `email`, `phone`, `created_at`, `updated_at`) VALUES (74, 'Susanna', 'Boyle', 'finn.hegmann@example.org', '+09(0)0010912052', '2001-10-17 03:26:30', '2007-12-18 05:33:34');
INSERT INTO `users` (`id`, `first_name`, `last_name`, `email`, `phone`, `created_at`, `updated_at`) VALUES (75, 'Jamey', 'Heidenreich', 'balistreri.alvis@example.com', '219.428.2383x9378', '2016-04-12 06:59:43', '1984-04-13 09:31:23');
INSERT INTO `users` (`id`, `first_name`, `last_name`, `email`, `phone`, `created_at`, `updated_at`) VALUES (76, 'Jerel', 'Mayert', 'rolfson.maiya@example.org', '(121)188-5550', '1992-08-17 09:26:25', '2010-12-04 17:09:11');
INSERT INTO `users` (`id`, `first_name`, `last_name`, `email`, `phone`, `created_at`, `updated_at`) VALUES (77, 'Marianna', 'Kilback', 'grady.cory@example.net', '132-762-0233x71092', '1997-01-21 03:38:41', '1972-02-04 20:05:53');
INSERT INTO `users` (`id`, `first_name`, `last_name`, `email`, `phone`, `created_at`, `updated_at`) VALUES (78, 'Freddie', 'Turner', 'pmraz@example.org', '(228)997-0224x1503', '1977-05-04 08:10:13', '1981-08-26 19:19:39');
INSERT INTO `users` (`id`, `first_name`, `last_name`, `email`, `phone`, `created_at`, `updated_at`) VALUES (79, 'Ramiro', 'Satterfield', 'ophelia12@example.com', '(941)124-3052x262', '1995-12-12 12:54:48', '1971-09-19 01:53:45');
INSERT INTO `users` (`id`, `first_name`, `last_name`, `email`, `phone`, `created_at`, `updated_at`) VALUES (80, 'Jaclyn', 'Lowe', 'morar.elbert@example.net', '1-203-987-0837x85116', '1995-06-17 17:20:33', '2007-08-21 11:49:31');
INSERT INTO `users` (`id`, `first_name`, `last_name`, `email`, `phone`, `created_at`, `updated_at`) VALUES (81, 'Andres', 'Funk', 'hills.ariane@example.net', '1-402-517-4784x74656', '1977-05-04 02:11:51', '2004-12-28 05:28:43');
INSERT INTO `users` (`id`, `first_name`, `last_name`, `email`, `phone`, `created_at`, `updated_at`) VALUES (82, 'Enoch', 'Stiedemann', 'clement76@example.org', '+96(4)5957723693', '2016-07-23 05:39:58', '2012-06-18 01:30:58');
INSERT INTO `users` (`id`, `first_name`, `last_name`, `email`, `phone`, `created_at`, `updated_at`) VALUES (83, 'Hertha', 'Lubowitz', 'bogisich.danielle@example.com', '455.927.1308x116', '1980-06-20 14:37:29', '2005-06-01 17:40:46');
INSERT INTO `users` (`id`, `first_name`, `last_name`, `email`, `phone`, `created_at`, `updated_at`) VALUES (84, 'Hortense', 'Watsica', 'hagenes.antonette@example.com', '646-872-4692', '1982-05-04 02:52:56', '2017-10-02 21:53:34');
INSERT INTO `users` (`id`, `first_name`, `last_name`, `email`, `phone`, `created_at`, `updated_at`) VALUES (85, 'Cordell', 'Emard', 'svolkman@example.com', '057.757.1371x78233', '1979-01-16 08:18:47', '1994-06-08 02:55:24');
INSERT INTO `users` (`id`, `first_name`, `last_name`, `email`, `phone`, `created_at`, `updated_at`) VALUES (86, 'Isabel', 'Veum', 'hschumm@example.org', '1-930-506-7293x8486', '2016-02-29 01:37:50', '1985-02-11 23:35:27');
INSERT INTO `users` (`id`, `first_name`, `last_name`, `email`, `phone`, `created_at`, `updated_at`) VALUES (87, 'Pansy', 'Swaniawski', 'gfay@example.net', '1-180-875-7917', '1990-04-12 03:09:19', '1970-03-13 09:01:11');
INSERT INTO `users` (`id`, `first_name`, `last_name`, `email`, `phone`, `created_at`, `updated_at`) VALUES (88, 'Mozell', 'Crona', 'gleason.malinda@example.com', '173.643.1604', '2009-07-12 15:07:14', '1970-05-18 23:14:00');
INSERT INTO `users` (`id`, `first_name`, `last_name`, `email`, `phone`, `created_at`, `updated_at`) VALUES (89, 'Jairo', 'Schultz', 'deven.sauer@example.com', '651.584.2857x6650', '1980-04-03 08:36:54', '1981-03-27 21:32:48');
INSERT INTO `users` (`id`, `first_name`, `last_name`, `email`, `phone`, `created_at`, `updated_at`) VALUES (90, 'Kaela', 'Brown', 'ldickens@example.com', '591.024.8710x5914', '2012-10-01 20:46:03', '1988-03-18 07:53:59');
INSERT INTO `users` (`id`, `first_name`, `last_name`, `email`, `phone`, `created_at`, `updated_at`) VALUES (91, 'Dashawn', 'Deckow', 'haley.rath@example.org', '959.216.7542x87750', '2012-01-10 18:02:48', '1971-04-20 13:21:26');
INSERT INTO `users` (`id`, `first_name`, `last_name`, `email`, `phone`, `created_at`, `updated_at`) VALUES (92, 'Kameron', 'Wehner', 'chahn@example.net', '(890)950-8485x0389', '2009-09-06 17:11:09', '2010-09-10 04:32:10');
INSERT INTO `users` (`id`, `first_name`, `last_name`, `email`, `phone`, `created_at`, `updated_at`) VALUES (93, 'Ressie', 'Cormier', 'nschmidt@example.com', '01217482361', '1985-03-29 12:09:17', '2013-05-16 23:26:22');
INSERT INTO `users` (`id`, `first_name`, `last_name`, `email`, `phone`, `created_at`, `updated_at`) VALUES (94, 'Peggie', 'Cronin', 'heaney.sydni@example.net', '153.555.3506', '1987-02-23 08:52:07', '2002-02-05 10:50:45');
INSERT INTO `users` (`id`, `first_name`, `last_name`, `email`, `phone`, `created_at`, `updated_at`) VALUES (95, 'Carroll', 'Mitchell', 'zula72@example.org', '1-626-904-8950', '2013-06-02 13:10:08', '2003-08-18 14:56:17');
INSERT INTO `users` (`id`, `first_name`, `last_name`, `email`, `phone`, `created_at`, `updated_at`) VALUES (96, 'Clint', 'Kunze', 'hershel21@example.org', '(563)824-9793x1911', '1992-01-25 09:42:16', '1995-09-20 00:50:40');
INSERT INTO `users` (`id`, `first_name`, `last_name`, `email`, `phone`, `created_at`, `updated_at`) VALUES (97, 'Hassie', 'Hauck', 'boyle.brielle@example.com', '(942)263-4529x758', '2005-11-18 10:59:53', '2014-10-12 21:24:25');
INSERT INTO `users` (`id`, `first_name`, `last_name`, `email`, `phone`, `created_at`, `updated_at`) VALUES (98, 'Camron', 'McKenzie', 'fhackett@example.com', '617-828-4059x34295', '2006-11-19 22:41:27', '2017-07-14 20:42:27');
INSERT INTO `users` (`id`, `first_name`, `last_name`, `email`, `phone`, `created_at`, `updated_at`) VALUES (99, 'Renee', 'Stokes', 'anthony.kuphal@example.com', '589-119-9948', '2003-12-02 13:56:11', '1974-11-06 16:44:49');
INSERT INTO `users` (`id`, `first_name`, `last_name`, `email`, `phone`, `created_at`, `updated_at`) VALUES (100, 'Celestine', 'Corwin', 'kuhn.jaime@example.org', '299-365-1867x27675', '1992-06-16 02:05:32', '1995-07-16 17:00:01');


