-- MySQL dump 10.13  Distrib 5.6.35, for osx10.9 (x86_64)
--
-- Host: localhost    Database: vk
-- ------------------------------------------------------
-- Server version	5.6.35

/*!40101 SET @OLD_CHARACTER_SET_CLIENT=@@CHARACTER_SET_CLIENT */;
/*!40101 SET @OLD_CHARACTER_SET_RESULTS=@@CHARACTER_SET_RESULTS */;
/*!40101 SET @OLD_COLLATION_CONNECTION=@@COLLATION_CONNECTION */;
/*!40101 SET NAMES utf8 */;
/*!40103 SET @OLD_TIME_ZONE=@@TIME_ZONE */;
/*!40103 SET TIME_ZONE='+00:00' */;
/*!40014 SET @OLD_UNIQUE_CHECKS=@@UNIQUE_CHECKS, UNIQUE_CHECKS=0 */;
/*!40014 SET @OLD_FOREIGN_KEY_CHECKS=@@FOREIGN_KEY_CHECKS, FOREIGN_KEY_CHECKS=0 */;
/*!40101 SET @OLD_SQL_MODE=@@SQL_MODE, SQL_MODE='NO_AUTO_VALUE_ON_ZERO' */;
/*!40111 SET @OLD_SQL_NOTES=@@SQL_NOTES, SQL_NOTES=0 */;

--
-- Table structure for table `communities`
--

DROP TABLE IF EXISTS `communities`;
/*!40101 SET @saved_cs_client     = @@character_set_client */;
/*!40101 SET character_set_client = utf8 */;
CREATE TABLE `communities` (
  `id` int(10) unsigned NOT NULL AUTO_INCREMENT,
  `name` varchar(150) COLLATE utf8_unicode_ci NOT NULL,
  PRIMARY KEY (`id`),
  UNIQUE KEY `name` (`name`)
) ENGINE=InnoDB AUTO_INCREMENT=101 DEFAULT CHARSET=utf8 COLLATE=utf8_unicode_ci;
/*!40101 SET character_set_client = @saved_cs_client */;

--
-- Dumping data for table `communities`
--

LOCK TABLES `communities` WRITE;
/*!40000 ALTER TABLE `communities` DISABLE KEYS */;
INSERT INTO `communities` VALUES (60,'A qui qui et non ipsum sequi.'),(80,'Ab vero explicabo aliquid voluptatibus in voluptatibus.'),(87,'Accusamus reprehenderit minima dolores in autem.'),(18,'Accusantium deleniti necessitatibus rerum iste.'),(11,'Adipisci expedita et nulla esse optio.'),(83,'Architecto voluptas quasi voluptatibus inventore.'),(79,'Asperiores aliquam fugiat culpa placeat consequatur maiores reprehenderit.'),(24,'Assumenda omnis delectus eveniet atque ut molestiae quas.'),(40,'At et quis rerum.'),(92,'Aut voluptas voluptas omnis et aut.'),(85,'Autem veniam soluta velit sapiente dolorem suscipit.'),(71,'Blanditiis quaerat officiis quidem nihil.'),(54,'Commodi voluptatem qui vitae non.'),(56,'Consequatur est dolorem itaque.'),(13,'Consequatur suscipit laboriosam qui sed aut.'),(32,'Cumque et beatae voluptas nam.'),(62,'Cumque similique quod aut beatae omnis.'),(52,'Cupiditate maiores reprehenderit in reiciendis reiciendis.'),(27,'Debitis sunt sint et corrupti ut sint quia.'),(59,'Dicta dolorem labore repudiandae.'),(15,'Dicta nemo est a voluptas fuga.'),(28,'Dicta qui iusto dolor voluptas.'),(39,'Dicta quidem est quisquam laboriosam delectus qui asperiores.'),(44,'Dicta ut officiis nemo id quisquam molestiae.'),(5,'Dolor qui amet cupiditate.'),(12,'Dolorem natus consequuntur quam sunt consequuntur exercitationem.'),(9,'Dolores hic nobis odio eligendi soluta aut.'),(68,'Eaque vero suscipit in voluptatem quo.'),(72,'Eius in assumenda omnis dolorem.'),(16,'Eius voluptate nihil eveniet aut nostrum tempore officia.'),(2,'Eos consequatur quam repudiandae aut aspernatur veritatis.'),(14,'Et et sunt id et sequi.'),(78,'Et nihil pariatur nisi impedit.'),(64,'Et qui maiores tenetur dignissimos suscipit libero cupiditate et.'),(48,'Et soluta cupiditate facere esse ut molestiae eaque.'),(34,'Ex inventore odit et doloribus.'),(46,'Exercitationem beatae ea quo atque voluptas.'),(95,'Explicabo ipsa tempore ea fugiat iure.'),(63,'Harum cupiditate id ipsum assumenda vitae enim neque expedita.'),(100,'In nam illo non dolorum dolores.'),(99,'Inventore totam sunt est quaerat.'),(38,'Laborum qui earum laudantium id.'),(25,'Laudantium debitis vitae sint voluptatem non.'),(77,'Maxime est assumenda atque accusamus.'),(3,'Minima sed optio exercitationem.'),(58,'Modi rem autem itaque quae maiores inventore molestiae.'),(23,'Nam minus officia possimus nobis ut est.'),(81,'Natus optio minima omnis aliquam.'),(35,'Natus quaerat et voluptatem consectetur fugit.'),(70,'Nesciunt quas dolorem minus nobis rem.'),(26,'Nesciunt veniam rerum quasi.'),(19,'Nihil molestiae non vel est.'),(36,'Nihil perspiciatis laborum in non tempora voluptatibus consequatur.'),(53,'Nisi magnam nam deleniti accusamus fugiat et.'),(21,'Non in maxime odit ipsa.'),(73,'Non ut incidunt occaecati recusandae consequatur placeat.'),(86,'Nulla consequatur eum nihil quia dolores voluptates vitae quia.'),(67,'Nulla nulla nisi nihil ex.'),(90,'Numquam quidem voluptates illum esse fugit.'),(84,'Occaecati corporis beatae at aut et ut.'),(69,'Occaecati enim vel rerum deserunt omnis sunt saepe.'),(33,'Omnis ab eum delectus dolorum tenetur quia perferendis qui.'),(43,'Optio ut optio accusamus tempora.'),(76,'Optio voluptatibus reiciendis accusantium earum.'),(74,'Pariatur nesciunt corrupti expedita dolor voluptatem facilis.'),(29,'Perspiciatis omnis et modi voluptatem.'),(51,'Porro et qui ea nostrum quis soluta ut.'),(22,'Possimus voluptas omnis nisi doloribus aperiam corrupti qui.'),(6,'Provident laborum sit tenetur voluptatem est magni.'),(57,'Qui autem mollitia distinctio consequatur dolores maiores velit.'),(61,'Qui quia consequatur laborum minima quasi veniam rerum.'),(10,'Qui similique saepe dolor qui asperiores itaque perferendis.'),(89,'Quia quia cumque sapiente non possimus sapiente.'),(49,'Quia sint nemo eius.'),(41,'Quis aut quia quis iusto velit dolorum eum.'),(55,'Quis culpa cumque consectetur voluptas.'),(65,'Quo odio id et voluptas placeat.'),(4,'Recusandae provident sit architecto maiores quaerat perspiciatis.'),(98,'Rem qui beatae dicta maiores aut totam non.'),(30,'Repellat cumque hic facere earum minus eum.'),(94,'Reprehenderit enim corrupti debitis soluta.'),(66,'Repudiandae voluptas id incidunt quia dolor sed.'),(45,'Rerum impedit cupiditate at.'),(97,'Saepe dolorum sed tempore beatae.'),(17,'Saepe non repellendus rerum quibusdam aut consequatur dicta adipisci.'),(50,'Sapiente sequi eum fugiat repellat sed vitae omnis.'),(31,'Sequi et voluptatibus sunt iste quasi.'),(75,'Similique aliquid maiores eligendi quos aut necessitatibus nemo qui.'),(93,'Similique aspernatur aut voluptatum aut autem voluptatum recusandae.'),(42,'Sit cupiditate consequatur voluptatum alias.'),(47,'Sit et ducimus velit.'),(82,'Sunt quae eum nemo et sint.'),(8,'Tenetur corrupti tenetur illum.'),(7,'Tenetur temporibus id consequuntur mollitia dolores sit in optio.'),(20,'Ullam possimus vero explicabo.'),(88,'Unde et earum voluptas tempora nihil rem blanditiis nulla.'),(37,'Ut aliquam nobis harum harum pariatur vel iste et.'),(96,'Ut quibusdam impedit sed voluptate est.'),(1,'Ut sint quod et voluptatem vel.'),(91,'Voluptatem voluptates ratione incidunt qui.');
/*!40000 ALTER TABLE `communities` ENABLE KEYS */;
UNLOCK TABLES;

--
-- Table structure for table `communities_users`
--

DROP TABLE IF EXISTS `communities_users`;
/*!40101 SET @saved_cs_client     = @@character_set_client */;
/*!40101 SET character_set_client = utf8 */;
CREATE TABLE `communities_users` (
  `community_id` int(10) unsigned NOT NULL,
  `user_id` int(10) unsigned NOT NULL,
  PRIMARY KEY (`community_id`,`user_id`)
) ENGINE=InnoDB DEFAULT CHARSET=utf8 COLLATE=utf8_unicode_ci;
/*!40101 SET character_set_client = @saved_cs_client */;

--
-- Dumping data for table `communities_users`
--

LOCK TABLES `communities_users` WRITE;
/*!40000 ALTER TABLE `communities_users` DISABLE KEYS */;
INSERT INTO `communities_users` VALUES (1,1),(2,2),(3,3),(4,4),(5,5),(6,6),(7,7),(8,8),(9,9),(10,10),(11,11),(12,12),(13,13),(14,14),(15,15),(16,16),(17,17),(18,18),(19,19),(20,20),(21,21),(22,22),(23,23),(24,24),(25,25),(26,26),(27,27),(28,28),(29,29),(30,30),(31,31),(32,32),(33,33),(34,34),(35,35),(36,36),(37,37),(38,38),(39,39),(40,40),(41,41),(42,42),(43,43),(44,44),(45,45),(46,46),(47,47),(48,48),(49,49),(50,50),(51,51),(52,52),(53,53),(54,54),(55,55),(56,56),(57,57),(58,58),(59,59),(60,60),(61,61),(62,62),(63,63),(64,64),(65,65),(66,66),(67,67),(68,68),(69,69),(70,70),(71,71),(72,72),(73,73),(74,74),(75,75),(76,76),(77,77),(78,78),(79,79),(80,80),(81,81),(82,82),(83,83),(84,84),(85,85),(86,86),(87,87),(88,88),(89,89),(90,90),(91,91),(92,92),(93,93),(94,94),(95,95),(96,96),(97,97),(98,98),(99,99),(100,100);
/*!40000 ALTER TABLE `communities_users` ENABLE KEYS */;
UNLOCK TABLES;

--
-- Table structure for table `friendship`
--

DROP TABLE IF EXISTS `friendship`;
/*!40101 SET @saved_cs_client     = @@character_set_client */;
/*!40101 SET character_set_client = utf8 */;
CREATE TABLE `friendship` (
  `user_id` int(10) unsigned NOT NULL,
  `friend_id` int(10) unsigned NOT NULL,
  `status_id` int(10) unsigned NOT NULL,
  `requested_at` datetime DEFAULT CURRENT_TIMESTAMP,
  `confirmed_at` datetime DEFAULT NULL,
  PRIMARY KEY (`user_id`,`friend_id`)
) ENGINE=InnoDB DEFAULT CHARSET=utf8 COLLATE=utf8_unicode_ci;
/*!40101 SET character_set_client = @saved_cs_client */;

--
-- Dumping data for table `friendship`
--

LOCK TABLES `friendship` WRITE;
/*!40000 ALTER TABLE `friendship` DISABLE KEYS */;
INSERT INTO `friendship` VALUES (1,1,1,'2000-03-06 15:45:28','2005-06-07 13:58:04'),(2,2,2,'1982-06-09 04:51:33','2017-05-29 19:03:47'),(3,3,3,'1980-12-29 13:06:33','2003-11-23 08:15:37'),(4,4,4,'2017-12-11 18:07:45','1989-02-06 04:52:45'),(5,5,5,'1999-07-03 16:59:18','2007-05-04 20:14:24'),(6,6,6,'2020-02-13 12:50:21','1970-09-16 17:29:25'),(7,7,7,'2003-10-22 22:51:49','1995-07-20 13:25:04'),(8,8,8,'1973-08-28 05:38:27','2014-08-08 07:41:17'),(9,9,9,'2010-03-22 17:26:58','1973-10-12 11:27:23'),(10,10,10,'2006-10-18 10:42:57','2012-04-10 21:43:16'),(11,11,11,'1986-11-30 07:12:23','1977-05-18 05:34:03'),(12,12,12,'2011-07-14 20:03:08','1981-12-18 00:48:03'),(13,13,13,'1987-12-19 03:30:23','1994-08-03 01:00:05'),(14,14,14,'1978-01-11 03:20:23','1972-06-15 18:35:11'),(15,15,15,'1987-07-09 03:29:38','2001-10-22 10:23:50'),(16,16,16,'1990-01-02 22:27:41','1986-02-04 10:14:46'),(17,17,17,'1999-02-18 06:35:54','2005-03-15 23:43:56'),(18,18,18,'1975-04-27 11:15:14','1999-12-27 22:26:47'),(19,19,19,'1981-07-07 01:35:05','2005-06-27 11:29:15'),(20,20,20,'1985-12-26 06:11:39','1993-09-28 06:40:32'),(21,21,21,'2019-10-24 15:16:33','1986-12-09 23:59:18'),(22,22,22,'2015-05-28 03:46:31','1987-12-10 00:34:48'),(23,23,23,'1981-11-19 03:50:39','2014-02-24 00:49:32'),(24,24,24,'1998-05-09 13:17:20','1983-07-30 19:42:55'),(25,25,25,'1995-06-17 10:39:14','1998-06-19 21:32:43'),(26,26,26,'1986-10-18 18:50:41','1975-11-25 11:39:20'),(27,27,27,'1982-11-24 07:43:57','1990-01-10 20:19:11'),(28,28,28,'1989-01-07 04:53:46','1987-04-25 18:23:21'),(29,29,29,'2002-10-10 18:56:04','2019-08-28 12:55:14'),(30,30,30,'2013-11-22 10:19:51','1977-03-02 03:21:16'),(31,31,31,'2006-08-25 07:26:43','2000-06-06 17:59:17'),(32,32,32,'1978-12-08 19:22:48','1974-04-16 21:33:58'),(33,33,33,'1994-06-27 06:06:06','1979-11-28 15:28:43'),(34,34,34,'1988-06-07 19:44:47','2018-03-18 15:56:29'),(35,35,35,'2014-10-14 11:56:22','2017-04-24 07:39:07'),(36,36,36,'2006-08-24 00:46:11','1984-12-24 14:03:24'),(37,37,37,'1997-09-17 20:57:30','2008-04-07 02:44:57'),(38,38,38,'1995-07-05 18:43:03','2002-12-03 18:35:34'),(39,39,39,'1981-04-10 17:40:01','2002-07-30 18:36:36'),(40,40,40,'1997-06-01 11:32:41','2004-11-17 19:26:54'),(41,41,41,'1977-06-08 19:23:53','1987-10-10 10:03:43'),(42,42,42,'1995-06-19 17:45:09','1995-03-24 16:56:39'),(43,43,43,'2017-01-13 19:09:52','2001-11-21 21:42:47'),(44,44,44,'2008-12-25 12:41:51','1970-12-17 10:47:20'),(45,45,45,'1970-05-09 11:34:06','1995-08-15 22:35:22'),(46,46,46,'1982-07-12 07:32:22','2002-07-06 20:08:53'),(47,47,47,'2013-09-26 16:25:50','1980-04-15 15:03:29'),(48,48,48,'2014-01-14 16:56:06','1983-09-30 05:39:49'),(49,49,49,'2018-02-22 09:45:46','2020-01-18 10:00:24'),(50,50,50,'2012-04-14 15:34:02','2003-05-19 21:31:26'),(51,51,51,'1975-05-22 06:02:13','1993-11-07 20:50:48'),(52,52,52,'2013-10-12 04:39:14','1984-09-16 05:59:41'),(53,53,53,'1998-07-24 04:18:46','1982-03-11 20:30:42'),(54,54,54,'2017-12-15 15:38:09','1974-08-28 01:32:59'),(55,55,55,'1998-08-15 14:38:19','1985-01-02 13:56:19'),(56,56,56,'2007-12-21 16:09:57','1996-05-24 15:10:51'),(57,57,57,'2012-09-10 23:17:17','2014-10-31 18:05:50'),(58,58,58,'1999-06-10 08:31:59','1982-05-06 13:17:34'),(59,59,59,'2013-06-25 04:38:47','2005-08-01 18:35:58'),(60,60,60,'1970-02-18 00:09:38','1991-06-19 20:57:30'),(61,61,61,'2011-04-03 15:43:38','1975-10-04 12:45:25'),(62,62,62,'2015-10-04 16:57:53','2014-12-03 22:56:04'),(63,63,63,'2011-04-05 23:29:00','2000-03-07 01:16:30'),(64,64,64,'2007-08-31 23:41:40','1987-04-20 12:38:23'),(65,65,65,'2011-07-02 21:33:23','2001-02-25 01:30:22'),(66,66,66,'1996-10-13 06:05:10','2018-01-06 16:56:41'),(67,67,67,'2001-09-20 21:02:40','1973-12-14 13:10:59'),(68,68,68,'1972-07-08 21:58:35','1970-01-01 00:47:16'),(69,69,69,'2014-11-25 05:30:02','2009-07-15 15:06:09'),(70,70,70,'1994-10-15 06:51:29','2006-08-24 20:33:21'),(71,71,71,'2000-11-29 22:02:56','2005-07-29 16:35:29'),(72,72,72,'2000-06-22 07:10:24','2007-04-23 08:01:15'),(73,73,73,'2016-03-30 13:55:06','2010-02-16 19:23:01'),(74,74,74,'1990-10-29 09:23:46','1990-12-31 00:53:38'),(75,75,75,'2011-07-19 11:25:41','2000-01-15 18:47:43'),(76,76,76,'2001-05-26 16:38:57','1983-10-29 06:03:26'),(77,77,77,'1977-07-30 05:52:47','1981-04-20 12:23:37'),(78,78,78,'2015-05-28 07:50:40','2019-06-22 23:57:08'),(79,79,79,'1990-12-18 21:03:21','1994-06-09 09:55:48'),(80,80,80,'1992-08-13 12:17:35','2013-02-28 01:13:19'),(81,81,81,'1980-02-14 18:07:40','1978-11-27 17:10:28'),(82,82,82,'1998-07-05 12:03:07','1991-05-03 22:43:39'),(83,83,83,'2003-03-20 05:19:05','2007-03-04 03:23:55'),(84,84,84,'1983-10-17 11:13:57','1974-01-23 06:09:08'),(85,85,85,'1985-07-20 13:57:34','2006-08-30 16:21:16'),(86,86,86,'1970-03-19 13:33:52','1984-09-29 04:19:43'),(87,87,87,'1978-02-03 21:30:47','2004-01-10 08:16:10'),(88,88,88,'1970-08-06 19:20:24','1985-12-27 07:07:32'),(89,89,89,'1974-03-02 07:41:14','1996-12-27 23:01:39'),(90,90,90,'1998-05-31 07:05:13','1985-06-14 15:34:18'),(91,91,91,'1983-05-27 13:48:47','2016-01-03 02:27:41'),(92,92,92,'1996-11-16 19:18:32','2008-11-16 21:35:05'),(93,93,93,'2015-04-15 21:32:12','1993-03-06 23:09:28'),(94,94,94,'1982-11-14 13:08:01','1971-09-10 01:46:53'),(95,95,95,'1986-08-23 21:14:33','2007-09-28 05:24:43'),(96,96,96,'1992-01-30 07:54:10','2007-07-01 07:11:54'),(97,97,97,'1997-09-13 12:23:24','1976-09-28 19:46:37'),(98,98,98,'1979-09-18 01:26:02','1990-09-19 15:03:14'),(99,99,99,'1982-04-27 12:17:01','1990-03-26 03:34:26'),(100,100,100,'1984-08-17 01:41:13','2000-10-11 19:53:09');
/*!40000 ALTER TABLE `friendship` ENABLE KEYS */;
UNLOCK TABLES;

--
-- Table structure for table `friendship_statuses`
--

DROP TABLE IF EXISTS `friendship_statuses`;
/*!40101 SET @saved_cs_client     = @@character_set_client */;
/*!40101 SET character_set_client = utf8 */;
CREATE TABLE `friendship_statuses` (
  `id` int(10) unsigned NOT NULL AUTO_INCREMENT,
  `name` varchar(150) COLLATE utf8_unicode_ci NOT NULL,
  PRIMARY KEY (`id`),
  UNIQUE KEY `name` (`name`)
) ENGINE=InnoDB AUTO_INCREMENT=101 DEFAULT CHARSET=utf8 COLLATE=utf8_unicode_ci;
/*!40101 SET character_set_client = @saved_cs_client */;

--
-- Dumping data for table `friendship_statuses`
--

LOCK TABLES `friendship_statuses` WRITE;
/*!40000 ALTER TABLE `friendship_statuses` DISABLE KEYS */;
INSERT INTO `friendship_statuses` VALUES (84,'Ab molestiae dolorem voluptatem sed officia cum illum qui.'),(41,'Accusantium ducimus natus ut illo voluptas.'),(83,'Accusantium placeat rerum rerum ab.'),(88,'Adipisci ratione quasi omnis consequatur.'),(4,'Alias rerum nihil tempore rerum quas sint at.'),(90,'Amet reprehenderit vel nihil quaerat sit.'),(26,'Aperiam excepturi consequatur pariatur eaque non sed qui.'),(34,'Aperiam voluptatem autem vero voluptatem aut cumque dolorum.'),(92,'Assumenda repudiandae est magni commodi.'),(73,'Aut repudiandae dolorum explicabo voluptas vitae.'),(96,'Autem officia aut placeat esse aut.'),(15,'Autem omnis dicta blanditiis necessitatibus non.'),(27,'Beatae hic minus tempora voluptatem.'),(22,'Commodi enim et sed aut sint aut.'),(53,'Consectetur quidem eum quo.'),(7,'Consequatur recusandae inventore qui adipisci consectetur eos nulla.'),(18,'Corporis et dignissimos illo rerum molestiae.'),(65,'Corrupti pariatur nesciunt culpa.'),(20,'Corrupti saepe accusamus blanditiis qui.'),(89,'Debitis aliquid tempora alias ducimus dolore voluptatem est.'),(74,'Debitis est vel molestias perspiciatis necessitatibus non rerum.'),(67,'Dolore consequatur quis rerum necessitatibus.'),(44,'Doloribus a in soluta est dolor corrupti.'),(56,'Ea et aut esse dicta et magni.'),(42,'Eius aut est deleniti ab ea illo quidem molestiae.'),(3,'Eius unde qui dolor unde soluta rerum.'),(76,'Eos beatae placeat et iure.'),(79,'Error magnam minus aut ea.'),(94,'Esse commodi nisi repellat sit rerum iusto.'),(16,'Est reprehenderit laudantium reprehenderit enim accusamus magni quo.'),(50,'Et consequatur eos qui et.'),(48,'Et delectus quasi qui voluptate nulla eveniet.'),(40,'Et eligendi et qui veritatis et minima unde.'),(19,'Et id est dolores.'),(91,'Et officia tenetur accusamus qui sint.'),(2,'Et qui ad et consequatur.'),(58,'Et quia neque tempore modi molestiae fuga consectetur.'),(82,'Eum ipsam reprehenderit quaerat omnis nam atque.'),(36,'Eum quia alias soluta eos ut quo aut dolorem.'),(30,'Eum voluptate sunt sint cumque aut.'),(8,'Eveniet nam saepe vitae quis qui nobis deserunt est.'),(62,'Eveniet sunt molestiae et velit.'),(97,'Facere hic quae aut ut rem omnis.'),(51,'Id qui aut omnis non eligendi aperiam fuga earum.'),(77,'Id quisquam rerum optio architecto maxime.'),(47,'Id sed non quas dolore.'),(1,'In iusto ducimus ea expedita dicta quaerat.'),(31,'Incidunt debitis ullam consequatur non vero vero.'),(80,'Ipsa dolorem expedita maiores deserunt debitis occaecati.'),(72,'Ipsam qui soluta autem omnis est.'),(14,'Itaque voluptate voluptatem ut voluptates delectus sunt.'),(99,'Iure ut maiores in blanditiis et nihil illo.'),(61,'Maiores dolor hic quia amet sunt doloremque magni.'),(64,'Maiores sequi dolores et eius quos pariatur id.'),(35,'Mollitia commodi sed incidunt assumenda ullam quia.'),(38,'Mollitia sit vel est quisquam consequuntur alias.'),(43,'Necessitatibus minima rerum ab ab.'),(78,'Nihil ipsa in enim qui nihil placeat.'),(37,'Nihil non distinctio molestiae unde error in voluptate.'),(70,'Nostrum qui repellat quidem similique totam ut voluptatibus.'),(39,'Numquam et optio voluptate animi voluptates porro.'),(28,'Numquam odio ad consectetur est qui.'),(75,'Officia voluptatem sed voluptatem consectetur.'),(95,'Omnis ex assumenda dolor.'),(49,'Omnis ipsam ex quia ducimus eveniet a explicabo modi.'),(57,'Omnis non eum delectus aut cum incidunt.'),(86,'Perferendis dolores ea voluptas voluptatem porro.'),(59,'Porro sequi ratione tempora aliquid iusto dolorem.'),(87,'Porro voluptatum soluta soluta enim quia.'),(60,'Quae eligendi repudiandae dolorum hic est minus odio.'),(46,'Quaerat voluptatem corporis ea ut aperiam.'),(93,'Quasi quo rem dignissimos alias quisquam mollitia recusandae veritatis.'),(63,'Qui aut rerum unde qui et distinctio.'),(17,'Quia commodi et quam.'),(6,'Quia quis maiores et aperiam iste.'),(24,'Quia voluptates amet voluptate officia porro et.'),(68,'Quidem et voluptas est corrupti aspernatur cupiditate nisi mollitia.'),(71,'Quo earum voluptate nobis nemo.'),(100,'Quod aut dolor laboriosam quod ipsum nobis nostrum quam.'),(10,'Quod numquam culpa molestiae voluptas.'),(9,'Ratione eos aut quam ea quos hic.'),(85,'Recusandae rerum error suscipit possimus explicabo molestiae sunt illum.'),(5,'Repudiandae cupiditate fuga ut mollitia quisquam magni amet aut.'),(52,'Repudiandae nesciunt amet minus debitis similique sapiente reprehenderit.'),(29,'Rerum quibusdam id enim quia consectetur quos nam.'),(13,'Rerum quo unde voluptas.'),(12,'Sed deserunt facere qui vel magni deserunt officiis.'),(98,'Tempora et et atque unde rerum.'),(11,'Tenetur delectus illo omnis est fugiat.'),(33,'Totam cum fuga aperiam atque nihil qui et non.'),(32,'Ullam eius consequatur voluptas dolorum illum perferendis.'),(23,'Ullam odio dolores et rerum velit delectus consequuntur.'),(55,'Unde aut sed esse suscipit voluptatem quia quos.'),(21,'Ut incidunt ratione dolor quis enim explicabo.'),(69,'Ut nobis iusto blanditiis libero et temporibus quia.'),(54,'Ut sint ut esse dolores.'),(81,'Vel distinctio voluptas nesciunt et autem.'),(25,'Voluptas possimus aliquam odio et.'),(66,'Voluptates corrupti numquam debitis libero voluptatem.'),(45,'Voluptatum vel quia eaque quasi repellendus hic.');
/*!40000 ALTER TABLE `friendship_statuses` ENABLE KEYS */;
UNLOCK TABLES;

--
-- Table structure for table `media`
--

DROP TABLE IF EXISTS `media`;
/*!40101 SET @saved_cs_client     = @@character_set_client */;
/*!40101 SET character_set_client = utf8 */;
CREATE TABLE `media` (
  `id` int(10) unsigned NOT NULL AUTO_INCREMENT,
  `media_type_id` int(10) unsigned NOT NULL,
  `user_id` int(10) unsigned NOT NULL,
  `filename` varchar(255) COLLATE utf8_unicode_ci NOT NULL,
  `size` int(10) unsigned NOT NULL,
  `metadata` longtext CHARACTER SET utf8mb4 COLLATE utf8mb4_bin,
  `created_at` datetime DEFAULT CURRENT_TIMESTAMP,
  `updated_at` datetime DEFAULT CURRENT_TIMESTAMP ON UPDATE CURRENT_TIMESTAMP,
  PRIMARY KEY (`id`)
) ENGINE=InnoDB AUTO_INCREMENT=101 DEFAULT CHARSET=utf8 COLLATE=utf8_unicode_ci;
/*!40101 SET character_set_client = @saved_cs_client */;

--
-- Dumping data for table `media`
--

LOCK TABLES `media` WRITE;
/*!40000 ALTER TABLE `media` DISABLE KEYS */;
INSERT INTO `media` VALUES (1,1,1,'accusantium',11702,'','2002-08-19 15:41:18','1975-06-08 06:45:45'),(2,2,2,'aspernatur',0,'','1970-01-20 02:27:21','2017-12-05 13:13:07'),(3,3,3,'quia',9878324,'','1972-04-27 04:38:10','2002-08-19 05:59:40'),(4,4,4,'nesciunt',511572,'{\"a\":1}','2019-06-09 11:42:16','1972-01-22 19:45:55'),(5,5,5,'nemo',553789,'','1974-12-03 15:34:16','1993-01-15 00:26:00'),(6,6,6,'quam',1131625,'','1993-09-10 03:04:48','2013-12-09 21:03:41'),(7,7,7,'impedit',295492039,'','1971-03-18 13:01:29','2011-09-24 11:23:16'),(8,8,8,'officia',84449829,'{\"a\":1}','2011-04-03 01:27:30','1978-11-21 21:06:25'),(9,9,9,'quis',66066,'{\"c\":3}','1996-06-13 14:26:54','1986-12-03 23:34:51'),(10,10,10,'tempore',79578,'{\"a\":1}','2018-06-28 01:10:38','1982-05-12 16:51:02'),(11,11,11,'aut',216929354,'{\"a\":1}','1971-05-25 01:34:58','1982-09-11 02:41:50'),(12,12,12,'aut',41108,'','1996-03-01 09:15:15','2018-07-17 18:17:28'),(13,13,13,'quas',71953867,'{\"b\":2}','1972-02-24 17:01:29','1985-03-05 05:28:29'),(14,14,14,'eaque',4030,'{\"b\":2}','1974-07-20 08:44:45','1995-09-17 10:49:52'),(15,15,15,'animi',89825778,'{\"b\":2}','2007-04-20 02:23:09','2010-08-18 14:50:33'),(16,16,16,'quisquam',93,'{\"c\":3}','1970-10-30 05:45:02','1977-02-27 22:00:31'),(17,17,17,'est',315670202,'{\"b\":2}','1979-11-08 18:26:29','2005-01-02 14:37:48'),(18,18,18,'est',9952,'{\"a\":1}','1988-11-22 16:53:44','2000-01-07 09:57:43'),(19,19,19,'voluptas',288461136,'{\"c\":3}','1972-12-28 07:29:22','2013-12-13 11:34:13'),(20,20,20,'molestiae',1695,'{\"b\":2}','2018-07-27 17:20:32','1995-01-16 23:51:14'),(21,21,21,'ut',0,'','1981-11-09 10:55:12','1970-05-14 17:27:44'),(22,22,22,'enim',0,'{\"a\":1}','2017-12-25 19:34:30','1982-01-03 09:49:38'),(23,23,23,'vero',4979,'{\"c\":3}','1974-08-10 08:54:00','2002-06-02 01:39:23'),(24,24,24,'ipsam',7,'{\"a\":1}','1970-04-28 00:04:18','2015-03-03 03:07:08'),(25,25,25,'reiciendis',894,'{\"b\":2}','2016-06-16 00:33:49','2011-08-24 19:02:16'),(26,26,26,'in',745503047,'{\"b\":2}','1978-11-05 17:05:07','2010-04-22 16:10:16'),(27,27,27,'tempora',862722057,'{\"b\":2}','1975-02-24 13:44:46','1985-12-28 01:12:17'),(28,28,28,'earum',1554,'{\"c\":3}','1979-02-26 03:08:11','1989-03-29 17:30:31'),(29,29,29,'tenetur',396,'{\"b\":2}','1972-12-17 16:47:54','2003-03-07 04:31:27'),(30,30,30,'ipsam',606,'{\"c\":3}','1980-10-15 15:48:32','2018-02-06 16:21:09'),(31,31,31,'ut',7,'{\"c\":3}','1998-09-02 00:55:24','1998-07-12 17:15:45'),(32,32,32,'quia',23696,'{\"b\":2}','2000-05-02 20:11:09','2010-06-06 07:17:45'),(33,33,33,'nam',683405,'{\"b\":2}','2010-07-25 22:01:54','1973-07-13 02:38:00'),(34,34,34,'illo',59,'{\"a\":1}','1977-01-06 20:04:12','1978-05-24 20:10:57'),(35,35,35,'veritatis',450,'{\"c\":3}','1987-01-16 15:41:56','1982-11-10 18:37:21'),(36,36,36,'aut',1,'{\"a\":1}','1978-10-25 21:02:28','2004-08-10 10:40:07'),(37,37,37,'sed',0,'{\"b\":2}','2018-09-02 20:29:01','1975-10-04 06:37:13'),(38,38,38,'perferendis',89,'','2014-03-31 02:37:07','1989-07-31 11:53:35'),(39,39,39,'asperiores',409059272,'','2013-09-08 19:08:19','2000-05-07 10:36:34'),(40,40,40,'eum',674,'','1973-03-29 23:54:55','1975-12-15 02:11:51'),(41,41,41,'hic',0,'{\"a\":1}','1986-11-18 21:37:38','1970-10-20 11:47:59'),(42,42,42,'ut',181188818,'{\"c\":3}','1996-11-06 19:16:15','1993-07-21 02:03:41'),(43,43,43,'dolorem',292375,'{\"b\":2}','1971-06-25 09:33:00','1981-12-09 20:45:15'),(44,44,44,'rem',164890,'{\"b\":2}','2009-07-17 11:39:24','2018-02-06 16:18:48'),(45,45,45,'consectetur',980041424,'','1986-10-07 15:28:30','1988-09-10 17:38:41'),(46,46,46,'itaque',2,'{\"a\":1}','1982-04-03 14:55:14','1997-02-20 14:56:24'),(47,47,47,'corporis',4,'{\"a\":1}','2001-09-06 17:38:07','1972-04-20 20:00:33'),(48,48,48,'iste',28433808,'','2006-10-21 04:58:24','1978-08-14 00:22:49'),(49,49,49,'rerum',0,'','1970-04-16 04:58:12','1982-03-30 23:56:37'),(50,50,50,'officia',89,'{\"b\":2}','1999-06-07 16:41:50','1984-06-02 02:52:26'),(51,51,51,'corrupti',993695548,'','1981-05-30 05:13:12','1979-04-24 21:17:45'),(52,52,52,'vel',68,'{\"b\":2}','1976-08-29 15:34:57','2019-04-28 09:16:57'),(53,53,53,'laborum',10,'{\"b\":2}','1970-11-12 10:24:54','1989-10-17 10:38:36'),(54,54,54,'aperiam',79647452,'{\"c\":3}','2017-03-11 09:50:14','1974-12-20 22:47:43'),(55,55,55,'sed',16487,'{\"a\":1}','2013-11-09 14:00:54','1999-12-06 22:33:27'),(56,56,56,'maiores',848808457,'{\"a\":1}','1996-01-27 17:54:03','2019-01-22 10:17:25'),(57,57,57,'deserunt',771862,'','1987-10-29 08:47:17','1988-12-12 04:31:23'),(58,58,58,'ut',2,'{\"a\":1}','1988-04-13 22:04:19','1986-09-29 05:36:35'),(59,59,59,'fugiat',340,'{\"a\":1}','2001-10-23 17:16:29','2009-01-04 01:30:43'),(60,60,60,'aut',6711003,'{\"a\":1}','1988-01-16 23:24:57','2011-02-16 23:28:24'),(61,61,61,'accusamus',791,'','1974-05-16 16:50:32','2003-02-28 07:15:06'),(62,62,62,'repellendus',15049309,'{\"c\":3}','1985-10-16 00:42:23','2006-07-11 22:14:26'),(63,63,63,'voluptas',84,'','2003-01-02 14:56:26','1993-10-25 20:31:38'),(64,64,64,'provident',593,'{\"a\":1}','2000-11-11 00:14:50','1998-03-11 11:30:39'),(65,65,65,'alias',0,'{\"b\":2}','1983-10-03 18:02:39','2002-02-25 11:47:08'),(66,66,66,'reprehenderit',228,'{\"a\":1}','2000-04-29 16:35:01','1986-09-15 19:53:33'),(67,67,67,'necessitatibus',21,'','1986-02-23 05:54:49','1981-02-11 06:17:44'),(68,68,68,'et',910,'{\"a\":1}','1993-12-23 06:56:09','1989-04-13 17:56:39'),(69,69,69,'adipisci',9342,'{\"a\":1}','1982-06-11 08:24:23','1970-10-01 17:29:16'),(70,70,70,'autem',6433,'','2015-10-09 22:46:40','2001-07-07 20:05:09'),(71,71,71,'quos',204590,'{\"c\":3}','1991-11-29 02:33:39','1977-08-15 15:37:04'),(72,72,72,'est',28,'{\"c\":3}','1972-12-08 06:07:37','2008-05-05 20:06:40'),(73,73,73,'aut',598,'{\"a\":1}','1978-11-15 13:27:57','1982-12-31 21:21:13'),(74,74,74,'ut',8,'{\"b\":2}','2003-06-20 17:37:35','1987-11-06 18:24:59'),(75,75,75,'dolores',636,'{\"a\":1}','1982-08-31 19:52:22','1991-05-17 13:24:12'),(76,76,76,'omnis',564682410,'{\"a\":1}','1974-03-11 06:39:37','1983-07-04 11:34:57'),(77,77,77,'enim',64,'{\"c\":3}','1983-07-24 23:11:44','1987-12-09 13:51:55'),(78,78,78,'voluptatem',7113754,'{\"b\":2}','2019-12-18 12:17:09','1989-07-21 11:40:15'),(79,79,79,'qui',0,'','2001-04-10 09:13:21','1971-10-29 17:46:56'),(80,80,80,'repellendus',96393,'{\"c\":3}','2020-01-14 09:10:55','1998-01-01 13:17:40'),(81,81,81,'numquam',587,'{\"a\":1}','2002-11-12 09:25:47','2017-09-13 17:20:53'),(82,82,82,'cupiditate',12300964,'','1981-03-07 11:55:07','1999-04-21 20:29:09'),(83,83,83,'sint',18,'{\"a\":1}','1993-08-28 21:35:54','2008-11-10 06:40:52'),(84,84,84,'officiis',0,'{\"a\":1}','1998-12-28 20:29:21','1986-04-16 06:16:02'),(85,85,85,'vel',214239,'{\"b\":2}','1999-07-28 19:11:06','2015-09-29 09:47:22'),(86,86,86,'est',624372,'{\"a\":1}','2005-12-03 03:07:20','1993-03-12 01:13:53'),(87,87,87,'facilis',91624301,'{\"c\":3}','1974-03-13 04:11:37','2005-08-11 16:30:33'),(88,88,88,'laudantium',519580603,'','1970-07-28 13:04:55','1993-10-08 03:57:04'),(89,89,89,'sed',137033753,'{\"b\":2}','2008-10-25 13:48:22','1990-09-06 21:12:52'),(90,90,90,'consequatur',9,'{\"b\":2}','2020-04-30 19:59:51','1975-12-10 18:32:34'),(91,91,91,'molestias',990,'{\"b\":2}','2003-07-06 18:53:12','1973-05-19 08:03:53'),(92,92,92,'dicta',835651739,'{\"c\":3}','1978-06-20 00:30:17','2012-10-31 10:23:43'),(93,93,93,'recusandae',564,'{\"a\":1}','1975-11-30 18:24:49','2017-07-24 08:30:28'),(94,94,94,'dignissimos',0,'{\"c\":3}','1994-12-11 03:18:44','2015-03-09 19:41:15'),(95,95,95,'voluptatem',42419,'{\"c\":3}','1995-06-23 12:19:42','1986-03-18 00:06:18'),(96,96,96,'soluta',197,'{\"c\":3}','1996-06-11 02:57:34','1981-10-07 08:22:35'),(97,97,97,'placeat',0,'{\"a\":1}','1986-11-09 01:28:58','1987-10-16 09:18:00'),(98,98,98,'voluptatem',3443,'','1981-10-26 06:36:20','2014-06-05 07:22:34'),(99,99,99,'architecto',20,'{\"b\":2}','2002-04-20 06:52:13','1986-03-15 04:12:09'),(100,100,100,'eum',625874,'{\"b\":2}','2003-08-07 05:52:01','1985-11-26 23:24:34');
/*!40000 ALTER TABLE `media` ENABLE KEYS */;
UNLOCK TABLES;

--
-- Table structure for table `media_types`
--

DROP TABLE IF EXISTS `media_types`;
/*!40101 SET @saved_cs_client     = @@character_set_client */;
/*!40101 SET character_set_client = utf8 */;
CREATE TABLE `media_types` (
  `id` int(10) unsigned NOT NULL AUTO_INCREMENT,
  `name` varchar(255) COLLATE utf8_unicode_ci NOT NULL,
  PRIMARY KEY (`id`),
  UNIQUE KEY `name` (`name`)
) ENGINE=InnoDB AUTO_INCREMENT=101 DEFAULT CHARSET=utf8 COLLATE=utf8_unicode_ci;
/*!40101 SET character_set_client = @saved_cs_client */;

--
-- Dumping data for table `media_types`
--

LOCK TABLES `media_types` WRITE;
/*!40000 ALTER TABLE `media_types` DISABLE KEYS */;
INSERT INTO `media_types` VALUES (9,'ab'),(29,'accusamus'),(62,'aliquid'),(15,'amet'),(49,'aperiam'),(43,'architecto'),(94,'aspernatur'),(80,'assumenda'),(11,'aut'),(88,'autem'),(14,'commodi'),(85,'consequatur'),(1,'corporis'),(27,'corrupti'),(3,'culpa'),(18,'cum'),(65,'cupiditate'),(10,'debitis'),(48,'delectus'),(82,'deserunt'),(38,'dicta'),(81,'dignissimos'),(51,'distinctio'),(13,'dolor'),(24,'dolore'),(34,'dolorem'),(74,'doloremque'),(4,'dolores'),(35,'dolorum'),(72,'ducimus'),(57,'eaque'),(100,'eius'),(46,'eligendi'),(40,'enim'),(42,'eos'),(21,'error'),(20,'est'),(26,'et'),(61,'eum'),(33,'eveniet'),(91,'ex'),(68,'expedita'),(41,'facilis'),(95,'fuga'),(53,'fugiat'),(59,'id'),(97,'impedit'),(45,'in'),(50,'ipsa'),(84,'iste'),(92,'iusto'),(86,'laboriosam'),(25,'laudantium'),(5,'libero'),(67,'magnam'),(89,'minus'),(55,'modi'),(31,'molestias'),(58,'mollitia'),(36,'necessitatibus'),(99,'nemo'),(75,'nesciunt'),(73,'nihil'),(32,'nisi'),(39,'non'),(37,'numquam'),(90,'odio'),(78,'officia'),(71,'officiis'),(93,'pariatur'),(77,'perferendis'),(22,'praesentium'),(28,'qui'),(69,'quia'),(98,'quibusdam'),(52,'quidem'),(79,'quisquam'),(7,'quo'),(54,'quod'),(66,'reiciendis'),(76,'repellat'),(44,'reprehenderit'),(23,'repudiandae'),(47,'rerum'),(63,'saepe'),(60,'sapiente'),(19,'sequi'),(6,'sint'),(56,'sit'),(70,'sunt'),(83,'tempore'),(8,'ut'),(17,'vel'),(87,'velit'),(30,'veritatis'),(16,'vero'),(64,'voluptas'),(12,'voluptatem'),(96,'voluptatibus'),(2,'voluptatum');
/*!40000 ALTER TABLE `media_types` ENABLE KEYS */;
UNLOCK TABLES;

--
-- Table structure for table `messages`
--

DROP TABLE IF EXISTS `messages`;
/*!40101 SET @saved_cs_client     = @@character_set_client */;
/*!40101 SET character_set_client = utf8 */;
CREATE TABLE `messages` (
  `id` int(10) unsigned NOT NULL AUTO_INCREMENT,
  `from_user_id` int(10) unsigned NOT NULL,
  `to_user_id` int(10) unsigned NOT NULL,
  `community_id` int(10) unsigned NOT NULL,
  `body` text COLLATE utf8_unicode_ci NOT NULL,
  `is_important` tinyint(1) DEFAULT NULL,
  `is_delivered` tinyint(1) DEFAULT NULL,
  `created_at` datetime DEFAULT CURRENT_TIMESTAMP,
  PRIMARY KEY (`id`)
) ENGINE=InnoDB AUTO_INCREMENT=101 DEFAULT CHARSET=utf8 COLLATE=utf8_unicode_ci;
/*!40101 SET character_set_client = @saved_cs_client */;

--
-- Dumping data for table `messages`
--

LOCK TABLES `messages` WRITE;
/*!40000 ALTER TABLE `messages` DISABLE KEYS */;
INSERT INTO `messages` VALUES (1,1,1,1,'Fugit omnis nulla impedit natus aut velit in. Et eligendi est ab doloremque excepturi nam. Iste iste deleniti et sunt fugiat asperiores iste rem.',1,0,'1975-10-25 02:59:53'),(2,2,2,2,'Enim ratione tempore dolorem. Quo consequatur iure et autem et. Totam eos quasi ea illo dicta.',0,0,'2008-12-26 19:03:56'),(3,3,3,3,'Aspernatur vel dolores non perspiciatis. Debitis quam voluptas officiis sed inventore quia perspiciatis. Reprehenderit velit non officia repellendus. Recusandae earum nostrum quas pariatur et architecto excepturi.',1,1,'2011-06-08 06:47:07'),(4,4,4,4,'Consequuntur est et cumque incidunt qui veritatis tempora. Aut eum veniam unde saepe tempore. Et dolore consequatur molestiae non voluptatibus.',0,0,'1984-11-12 02:10:49'),(5,5,5,5,'Expedita est harum dolorum voluptas repellat fugiat. Et autem ut praesentium nihil. Nihil aut nesciunt velit corrupti officia accusamus.',1,0,'2005-07-17 23:22:17'),(6,6,6,6,'Accusamus tempora beatae ducimus aliquam. Minima nihil dolore sint quia excepturi. Cumque suscipit aliquam dolor corrupti ut corporis labore. Tempora architecto sint ducimus.',1,0,'1983-03-18 15:20:32'),(7,7,7,7,'Consequatur aut voluptatem placeat vero. Assumenda autem et ad corporis asperiores consequatur eligendi. Est maiores modi quaerat vero doloribus vero labore deserunt. Error eum autem natus.',0,1,'2012-11-17 16:44:20'),(8,8,8,8,'Ad qui totam repellendus non rerum libero. Et doloremque asperiores iste nostrum et harum sed voluptates. Cupiditate quis ut veritatis dolorum excepturi repellendus consequatur. Harum dolorem ducimus aliquam inventore.',0,1,'2019-08-20 11:53:36'),(9,9,9,9,'Et nisi vitae quae itaque error. Sed molestias consequatur animi est rem qui incidunt. Molestiae ex magnam quis reprehenderit et et voluptas. Dicta voluptates reiciendis aut eos nemo aut.',0,0,'1996-09-22 19:54:05'),(10,10,10,10,'Corrupti et aliquid odit quas enim non. Dolores aut et ullam numquam. Hic pariatur doloremque repellendus.',0,0,'1999-03-07 07:32:18'),(11,11,11,11,'Voluptate occaecati quasi praesentium ea velit. Voluptas vitae voluptatibus perspiciatis fugiat. Quas esse sint nobis sed.',0,1,'1977-06-26 16:19:39'),(12,12,12,12,'Et delectus rem repudiandae rerum. Quas aut vero eos placeat fuga aut atque. Blanditiis ut non cum eos voluptates.',0,0,'1989-10-01 00:37:13'),(13,13,13,13,'Corrupti dolorem veritatis dolorem odit. Omnis odio deserunt occaecati fugit dolorem. Id rerum expedita porro est error. Ut necessitatibus debitis vero velit debitis qui nam itaque.',1,0,'1980-09-25 20:48:47'),(14,14,14,14,'Dolore fuga labore porro ea incidunt est dolorum. Facilis est incidunt nemo modi sunt veniam. Quia cumque ratione officia est commodi nisi nihil. Animi totam quas quam dolor.',0,1,'1995-02-21 15:41:04'),(15,15,15,15,'Animi nulla ea non cupiditate numquam expedita. Enim doloribus officia non. Incidunt porro autem possimus voluptatem. Qui ipsum recusandae enim ad.',1,0,'1979-02-28 23:28:31'),(16,16,16,16,'Sint quo beatae officia deserunt quasi omnis. Est nihil optio voluptatibus aut modi sed. Debitis repellat reprehenderit repellat autem consectetur ut excepturi tenetur. Et qui rerum blanditiis est ut nobis deleniti dolores.',1,0,'1970-04-01 17:08:09'),(17,17,17,17,'Eum itaque ut tempore. Sint voluptatibus aut minus molestiae officia accusamus ullam. Sequi ut nesciunt sunt. Sunt eaque enim harum in eveniet voluptas atque.',1,1,'1981-06-11 15:02:06'),(18,18,18,18,'Quo qui consequuntur facere. Qui itaque nemo mollitia blanditiis. Laudantium et animi repellendus. Sed et porro perferendis dolore quaerat a.',0,0,'2005-09-16 15:32:44'),(19,19,19,19,'Enim sint aut perferendis et tempora dicta. Quis sit voluptates pariatur ut ut vero quae. Libero cumque sit dolore nihil.',0,1,'2009-03-05 00:17:38'),(20,20,20,20,'Cumque sit ex quasi expedita. Ab cum aliquid non inventore itaque perspiciatis veniam dolores. Id molestiae omnis ex vitae velit. Repudiandae nobis et est beatae aliquid.',1,0,'1976-12-23 04:51:22'),(21,21,21,21,'Illum consequatur maiores laboriosam et. Occaecati quia accusantium molestiae ipsa unde iure. Enim minus reprehenderit omnis dolorem. Omnis sed perspiciatis omnis harum eveniet voluptatum praesentium eaque.',0,1,'2001-12-25 21:34:06'),(22,22,22,22,'Eveniet modi aspernatur officiis quis velit nobis quia nihil. Voluptatum rerum nulla debitis. Nisi quisquam labore autem nesciunt.',1,0,'1990-05-04 05:08:29'),(23,23,23,23,'Doloremque aut vel repudiandae placeat aliquam. Expedita dolorum nisi nisi doloribus. Corporis quia nulla officiis in id ipsum eos.',0,1,'1988-01-02 18:28:19'),(24,24,24,24,'Eligendi eveniet nam vel soluta deserunt deserunt accusamus. Ex quia qui molestiae molestiae laudantium deleniti vel. Nostrum consectetur sit sit eius consequatur qui molestiae. Omnis asperiores tenetur est eius. Tempora repellendus et magnam quae.',0,1,'1994-05-15 15:14:11'),(25,25,25,25,'Occaecati aut ut vel debitis. Minima et vel omnis esse. Eius aliquam animi accusantium rem eligendi est temporibus.',1,1,'1996-11-21 07:23:14'),(26,26,26,26,'Labore et aut aut dolor. Tenetur rem libero at sunt et. Aperiam dolorum enim quia qui. Enim voluptatibus aut rerum consequatur.',1,1,'1977-12-21 11:09:32'),(27,27,27,27,'Mollitia accusamus aut sint doloremque consequatur qui iure. Excepturi voluptas aut non aut nobis necessitatibus architecto. Officia odio officia corporis dicta mollitia eos autem. Voluptas placeat quos maxime dolorem facilis et.',0,0,'1995-08-19 00:16:28'),(28,28,28,28,'Autem doloremque illum repudiandae et velit ad quas. A unde autem ut quod dicta sint saepe. Rem maiores unde est et assumenda corporis. Sit quasi sequi ducimus enim velit.',0,1,'2004-08-19 01:49:27'),(29,29,29,29,'Sit et autem iusto sit dignissimos autem et molestias. Velit sint provident qui sed quis non. Non ut ut eligendi nihil qui expedita voluptatem est.',0,1,'1970-08-29 10:39:49'),(30,30,30,30,'Possimus deserunt ut voluptas. Ullam ratione est occaecati dolores et illum. Id culpa repellat laudantium autem quibusdam porro. Dolor aut eius id sint cumque dolores.',0,1,'1996-06-02 23:47:13'),(31,31,31,31,'Facilis et quis iure dolores. Laudantium a ea vel qui.',0,1,'2015-05-10 12:13:37'),(32,32,32,32,'Dolor est pariatur quisquam rem excepturi. Quia voluptatibus eos id consequuntur. Quaerat libero distinctio repellat numquam veritatis soluta. Voluptatibus ea magni et perferendis aut et.',1,0,'1993-10-06 22:00:26'),(33,33,33,33,'Quis reiciendis non aut nobis quos neque unde. Eaque cupiditate dignissimos et officiis impedit quam possimus. Optio veritatis quod sed enim similique laboriosam. Dolores mollitia voluptatibus qui nostrum vel.',1,0,'1999-01-02 04:32:28'),(34,34,34,34,'Rerum iste temporibus aliquam dolorum rem cumque. Minima quaerat rem assumenda atque quia.',1,0,'2003-01-12 22:37:46'),(35,35,35,35,'Exercitationem provident est consequatur deleniti. Blanditiis id laboriosam non atque officiis. Possimus exercitationem et magni saepe sapiente libero error. In excepturi odio similique laudantium.',1,0,'1975-03-15 04:47:20'),(36,36,36,36,'Nihil eligendi debitis distinctio tempore et est aperiam. Aliquid quis itaque voluptate. Et at corrupti quibusdam sunt sed ad. Assumenda architecto temporibus voluptatem maxime incidunt excepturi.',1,0,'1978-11-19 14:06:05'),(37,37,37,37,'Deserunt ut ut aut consequatur. Fugiat alias accusamus expedita et sunt corporis dolore. Dolorem dicta similique mollitia ut. Expedita veritatis et sapiente dolorem eius consectetur.',1,1,'1991-09-17 15:40:41'),(38,38,38,38,'Earum hic amet cumque quia hic assumenda nemo. Vero dolor alias itaque ut. Aliquam ut molestiae repudiandae adipisci distinctio omnis.',1,0,'1972-06-27 08:25:30'),(39,39,39,39,'Asperiores reprehenderit dolores dignissimos ratione inventore aut quidem dignissimos. Et ullam omnis nesciunt ea. Qui eos perspiciatis quia ut placeat velit. Et quam voluptas odio blanditiis explicabo voluptatem. Ut voluptatem vero provident repellat exercitationem assumenda.',0,1,'1985-05-07 13:29:54'),(40,40,40,40,'Et enim blanditiis similique est est quis iste. Veritatis qui et sit nulla sunt. Quis dolorem iure error eum et dolor quod.',1,0,'1979-02-07 03:16:52'),(41,41,41,41,'Sit tempore eligendi cupiditate velit numquam. Molestiae beatae non sit corporis harum aut molestiae et. Quis commodi tenetur nobis architecto.',0,1,'1999-07-12 01:47:26'),(42,42,42,42,'Alias temporibus sunt beatae et quo rerum at. Iure facere voluptas ut ut aut. Quam minus velit placeat ut velit autem.',1,1,'2004-12-05 07:59:17'),(43,43,43,43,'Ab dolorum totam laborum est. Sint et itaque vel tenetur. Et asperiores ab quidem perspiciatis eaque quo dolorem.',1,0,'2000-02-13 05:23:00'),(44,44,44,44,'Et quia rerum sint facere est ad delectus quas. Rerum et at eaque ipsam omnis quo velit. Exercitationem et nulla ratione ea est tempore repudiandae alias.',1,1,'2016-09-16 14:57:03'),(45,45,45,45,'Autem quibusdam qui necessitatibus. Autem magni quaerat exercitationem quia veniam officia quisquam nobis. Sequi et dolores suscipit nulla. Quis quisquam numquam est qui.',1,0,'1995-06-19 21:50:33'),(46,46,46,46,'Minus nulla aliquam consequatur. Beatae quia quaerat maiores officia sint eius quo qui. Dolor nihil possimus sed.',0,0,'2002-01-21 09:46:52'),(47,47,47,47,'Earum ut quibusdam facere sapiente sit dolorem dolor. Esse enim ut ut et sed veniam. Est dolores libero alias corrupti rerum non. Rerum laudantium porro alias eligendi.',1,0,'1986-02-21 13:03:54'),(48,48,48,48,'Debitis ipsam explicabo aliquam. Rerum laudantium ipsam repellat non sequi.',0,1,'1979-03-08 08:46:46'),(49,49,49,49,'Blanditiis et sequi qui et nobis dolorem. Veritatis nihil doloribus fuga. Alias nobis neque officia aut officia quia molestiae. Repellat ut beatae optio.',0,1,'1979-09-02 22:15:28'),(50,50,50,50,'Autem dolor sint repudiandae quibusdam earum provident vel. Dolores deserunt mollitia qui aut non sit id. Illum enim vel eum quis iure aperiam ad. Beatae et harum saepe perspiciatis eius.',0,1,'2003-06-18 01:56:45'),(51,51,51,51,'Est est dolores dolorum est error tenetur similique. Eum nisi voluptas quo error. Est amet ipsam sequi repudiandae fugiat et. Et sequi atque iusto perferendis aut eveniet earum.',1,0,'2001-11-29 16:18:03'),(52,52,52,52,'Vel dolore ea error aut. Accusamus voluptas nam itaque velit vel molestiae placeat in. In quasi est quia consequuntur ea culpa cum. Non itaque dolor nisi aut autem placeat.',1,1,'1970-08-13 19:04:04'),(53,53,53,53,'Doloribus eum recusandae incidunt non quod. Aperiam quisquam ut cupiditate quos tenetur exercitationem et. Blanditiis in quas quia facere eum. Voluptas saepe ut non enim ducimus aliquid.',1,0,'2018-06-17 03:20:54'),(54,54,54,54,'Et officiis voluptate saepe dignissimos laborum nihil vitae vero. Voluptatibus id molestias eaque omnis quod tenetur rerum. Nisi sit voluptatem dicta quod. Voluptas sit sit iusto.',0,1,'1997-11-02 15:58:06'),(55,55,55,55,'Est esse ratione rerum. Fugiat laboriosam et dolor id qui unde ipsam. Numquam dolorem sapiente aut alias sint animi. Reprehenderit accusamus cum excepturi rerum in aut eveniet.',1,0,'2010-03-10 04:42:56'),(56,56,56,56,'Officiis dignissimos nemo omnis quidem omnis. Animi eligendi praesentium nulla rerum. Et quasi provident est aperiam.',1,1,'1971-07-03 13:16:56'),(57,57,57,57,'Aut sint sunt mollitia quia enim quibusdam culpa ea. Aspernatur ad aut dolores voluptatibus eius nobis. Quia temporibus recusandae fugit sit doloremque.',1,1,'1979-11-16 01:18:12'),(58,58,58,58,'Voluptas reiciendis quam ea ducimus sequi quaerat. Esse minus ab nemo voluptas soluta. Commodi aut numquam et laudantium minima id voluptatibus. Sed reiciendis fugit voluptate.',1,0,'1979-02-15 18:12:26'),(59,59,59,59,'Doloribus saepe optio laudantium et dignissimos ut. Consectetur aut est assumenda voluptatibus culpa blanditiis mollitia velit. Qui expedita eius incidunt in in.',0,1,'1978-09-28 00:49:16'),(60,60,60,60,'Nisi ipsum explicabo nisi illum doloribus. Magnam minima eius ad deleniti. Architecto laboriosam voluptatibus porro laudantium eaque dolores.',0,0,'1988-08-26 23:00:12'),(61,61,61,61,'Eveniet voluptatem commodi tenetur saepe corrupti voluptates optio. Distinctio delectus reprehenderit aut aut maxime cum est. Quis ullam sed maxime fuga.',0,1,'2006-06-21 23:41:22'),(62,62,62,62,'Aut quaerat dolor qui dolore minus ut. Quia quod repellat ab eum.',0,0,'1993-02-14 22:15:39'),(63,63,63,63,'Harum hic sed deserunt at iusto aspernatur consequuntur. Doloribus aliquam modi expedita doloribus nesciunt fugiat. Ullam ab consequatur nemo nemo in facere et dolor.',1,1,'2007-11-30 02:06:50'),(64,64,64,64,'Inventore cum sint et et. Consequuntur ratione eos earum eaque est soluta. Amet magnam in accusantium quia unde.',0,1,'1993-12-19 07:08:32'),(65,65,65,65,'Ipsa a laboriosam earum. Illo et commodi ea recusandae eum.',1,1,'1995-01-04 03:19:31'),(66,66,66,66,'Ea eligendi sunt repellat magnam id. Est est qui laboriosam vero quibusdam impedit quia. Tenetur beatae excepturi aut facilis enim occaecati.',0,1,'2011-09-09 15:29:46'),(67,67,67,67,'Asperiores et dolor ducimus voluptas aliquam fuga dolore. Id corporis qui aspernatur nulla.',1,0,'2016-10-11 03:07:17'),(68,68,68,68,'Beatae et sapiente facere quibusdam. Error qui sit doloremque sit impedit. Sit reiciendis excepturi at quia cum sit eaque alias.',0,1,'1974-03-21 22:04:39'),(69,69,69,69,'Corrupti est autem suscipit qui. Provident error odio quis in eveniet non et. Fugiat accusantium est dignissimos modi dolorum voluptatibus quas iure. Consequatur id sed dolores adipisci dignissimos.',1,0,'1995-09-28 21:12:20'),(70,70,70,70,'Similique tempore incidunt sint sit et id modi. Odit quod non ipsam et natus.',1,1,'1982-10-28 15:33:25'),(71,71,71,71,'Commodi voluptatum ab odit nemo. Reiciendis blanditiis omnis voluptatem. Sint voluptatem voluptatem dolor aut aperiam. Repellendus beatae recusandae omnis.',1,0,'2014-08-02 03:17:07'),(72,72,72,72,'Et unde ut veniam assumenda dolorum deserunt. Quae quasi omnis porro itaque necessitatibus ea aspernatur pariatur. Pariatur quia blanditiis aut commodi ipsam labore.',0,1,'1984-10-27 07:43:40'),(73,73,73,73,'Similique eligendi expedita cumque quia vel porro. Ut optio sint rem. Officiis tempora illo dolor sunt fugit odio.',0,0,'1993-11-19 14:47:10'),(74,74,74,74,'Accusantium tempora dolores eos dicta sed eius. Nulla hic laboriosam quia eligendi enim placeat quia. Nisi nihil eius magnam blanditiis quos quae officiis fugiat.',1,0,'1971-08-20 14:36:14'),(75,75,75,75,'Praesentium qui laborum blanditiis asperiores qui est quo. Voluptates cumque alias nisi temporibus ut vero. Corporis ut accusamus dolores qui consequatur cum. Consequatur nisi nam quae quis et amet voluptates. Esse eius dolorem error reiciendis omnis sed.',1,1,'2006-01-16 13:39:01'),(76,76,76,76,'Quisquam dolore ab tempora ducimus debitis dolor ut. Fugiat ut quis vel sequi iste rerum culpa. Accusantium distinctio totam et sint.',1,1,'1988-01-02 04:37:13'),(77,77,77,77,'Quia suscipit expedita illo aut distinctio molestiae. Adipisci et beatae assumenda aut velit ut consectetur. Quas sed culpa id et. Non et omnis consequatur in numquam.',0,1,'2001-05-26 12:08:48'),(78,78,78,78,'Quaerat porro doloribus cum quia consectetur consequuntur fuga. Sit molestiae eos ipsa totam est repellat. Soluta blanditiis dolores quidem placeat. Ex non in impedit sit in dicta nemo vel. Occaecati perspiciatis autem commodi magnam ut sunt.',0,0,'1977-03-27 11:52:52'),(79,79,79,79,'Molestiae excepturi sunt asperiores enim repudiandae aut omnis. Laborum officia qui consequatur facere debitis optio aperiam. Sit temporibus voluptatem corrupti quo modi. Numquam dolorum veniam sint debitis quam.',1,0,'1972-05-17 07:45:58'),(80,80,80,80,'Enim et nisi similique veritatis non hic dolorum. Perferendis est cumque placeat rerum nulla nihil beatae. Omnis omnis maiores necessitatibus ipsum voluptatibus reiciendis voluptatibus perferendis. Nihil non qui esse quaerat quo et nemo tenetur. Hic laborum laboriosam voluptatem.',0,1,'1992-10-05 08:08:06'),(81,81,81,81,'Fugit fuga a similique commodi. Eum animi iure ipsum velit quidem fuga. Dolor quo tempore sunt adipisci aut ea vitae.',0,1,'2016-02-09 05:04:51'),(82,82,82,82,'Omnis quo sit excepturi quo. Quia cumque incidunt atque placeat molestiae consequatur. Qui molestiae mollitia molestiae quam. Molestias nihil voluptatem mollitia voluptatibus placeat.',1,1,'1982-11-08 10:16:33'),(83,83,83,83,'Hic reiciendis amet doloribus et voluptatem. Qui velit delectus aspernatur. Occaecati rerum itaque fugiat aut voluptate expedita. Et fuga eum natus.',0,0,'1992-08-14 01:16:07'),(84,84,84,84,'Ipsam non aut et ipsam earum eius accusamus. Excepturi vel aliquid saepe consectetur repellat inventore. Quae placeat facere consequatur ut sint qui in cum. Aut ea aliquid aut sit assumenda.',1,1,'2019-06-18 19:30:33'),(85,85,85,85,'Et dignissimos eligendi qui earum labore. Quia in quam exercitationem non. Maxime quis sit doloremque recusandae in voluptatum aut.',0,0,'1977-04-02 21:43:26'),(86,86,86,86,'Et aperiam eligendi molestias voluptatem rerum animi et. Et molestias a sequi nisi sed. Est autem et architecto sapiente exercitationem.',0,0,'1977-11-15 15:46:35'),(87,87,87,87,'Sunt alias aperiam dolorem et sint magnam voluptas nulla. Provident sunt ab temporibus perspiciatis ex quo eius in. Enim qui omnis illo accusamus et dolorem architecto occaecati. Ab quam cum omnis sed quia harum ut.',1,0,'2011-11-05 05:08:17'),(88,88,88,88,'At accusantium illum alias necessitatibus illum debitis. Harum aut ut nesciunt quis ex. Nesciunt est iusto velit animi quasi. Voluptas unde ea est.',1,0,'1995-09-18 16:01:59'),(89,89,89,89,'Adipisci omnis ad eius iste eveniet qui omnis. Non ducimus id error. Explicabo voluptate molestias qui ut illo quos dolores. Libero alias qui voluptas laboriosam perferendis.',0,1,'1997-12-25 00:48:47'),(90,90,90,90,'Praesentium aut consequatur asperiores est rem magnam beatae. Maiores consequatur cupiditate consequatur eligendi. Sed est voluptatibus voluptatibus minus et. Odio architecto voluptatem eius et et dolores eos.',0,1,'1990-01-27 17:36:48'),(91,91,91,91,'Incidunt nulla optio animi occaecati iste impedit neque. Sed atque illo mollitia voluptatibus atque iste. Eum consequatur voluptatem est dolorem at. Doloribus et pariatur aliquam nam qui repellat officia.',0,1,'2020-04-08 00:29:26'),(92,92,92,92,'Quis rerum tempora hic minima repellendus quis. Placeat fuga quam possimus qui. Natus ipsa quis ea aut. Consequatur quaerat accusantium sint magni perferendis.',1,0,'2005-09-18 20:49:58'),(93,93,93,93,'Odio nesciunt voluptatem quo inventore qui facere. Magnam explicabo illo aut eius culpa tenetur. Et corporis cupiditate accusantium consequuntur cupiditate quidem aliquid illum. Quia sint eum voluptatem itaque officia tenetur magnam nemo.',0,1,'1999-09-28 19:33:19'),(94,94,94,94,'Ad alias a animi autem enim rerum. Culpa ut rerum minus quo. Soluta sunt architecto voluptas veritatis esse. Et veniam et sit eos.',0,0,'2018-07-31 11:08:14'),(95,95,95,95,'Eos et alias temporibus deleniti quas. Dolorum officiis beatae cupiditate totam repudiandae. Voluptas velit culpa accusantium dolore.',0,1,'2004-11-28 12:45:18'),(96,96,96,96,'Voluptas quae sunt non illo qui ea dolorem. Qui laborum hic iusto et velit voluptates natus. Nisi at consectetur voluptatem quibusdam quis quaerat.',0,0,'1981-07-06 02:13:32'),(97,97,97,97,'Aut in ut qui velit facere dignissimos ut. Vitae molestiae aspernatur aut ut et. Quae possimus magni alias impedit omnis pariatur doloremque. Quos dicta qui quisquam consequuntur.',0,0,'1980-10-02 10:16:31'),(98,98,98,98,'Aliquam vero delectus iusto omnis. Fugiat aliquam et et ea quia magni aliquam. Nihil impedit placeat molestias. Quisquam quis et voluptatum ullam.',1,1,'1972-11-26 01:07:17'),(99,99,99,99,'Dignissimos consequuntur eum laboriosam perferendis eaque exercitationem possimus. Nam quia expedita deserunt voluptatem nihil doloribus. Voluptatem dolorum numquam asperiores et. Et rerum aliquid dolores et culpa omnis modi.',1,1,'1987-07-04 15:29:03'),(100,100,100,100,'Odit amet autem totam natus quod quo enim. Blanditiis nesciunt illum cumque nulla molestiae consequatur doloremque. Temporibus autem sed cum est maxime impedit nam. Aperiam recusandae iusto eligendi quia unde voluptatum.',0,1,'1988-07-09 23:24:41');
/*!40000 ALTER TABLE `messages` ENABLE KEYS */;
UNLOCK TABLES;

--
-- Table structure for table `profiles`
--

DROP TABLE IF EXISTS `profiles`;
/*!40101 SET @saved_cs_client     = @@character_set_client */;
/*!40101 SET character_set_client = utf8 */;
CREATE TABLE `profiles` (
  `user_id` int(10) unsigned NOT NULL,
  `gender` char(1) COLLATE utf8_unicode_ci NOT NULL,
  `birthday` date DEFAULT NULL,
  `city` varchar(100) COLLATE utf8_unicode_ci DEFAULT NULL,
  `country` varchar(100) COLLATE utf8_unicode_ci DEFAULT NULL,
  PRIMARY KEY (`user_id`)
) ENGINE=InnoDB DEFAULT CHARSET=utf8 COLLATE=utf8_unicode_ci;
/*!40101 SET character_set_client = @saved_cs_client */;

--
-- Dumping data for table `profiles`
--

LOCK TABLES `profiles` WRITE;
/*!40000 ALTER TABLE `profiles` DISABLE KEYS */;
INSERT INTO `profiles` VALUES (1,'f','2014-02-28','Reagantown','similique'),(2,'m','1970-01-28','Lake Hoytfurt','fugit'),(3,'f','1978-11-14','Lake Martine','doloremque'),(4,'m','2006-04-22','Croninburgh','fugit'),(5,'f','1996-10-26','Lake Lily','blanditiis'),(6,'f','1971-09-05','East Anabelberg','architecto'),(7,'f','1988-01-13','South Gregg','corrupti'),(8,'f','2008-03-12','Arnulfoburgh','in'),(9,'m','1998-06-09','Deestad','eligendi'),(10,'m','1971-04-12','Port Antoinette','magnam'),(11,'f','1980-04-19','East Cornell','esse'),(12,'m','1992-07-15','Montanaside','nulla'),(13,'m','1998-03-30','Schadenmouth','veritatis'),(14,'f','1987-02-09','Port Clairland','nobis'),(15,'f','2007-11-26','New Annamariehaven','minima'),(16,'m','2012-12-30','Dylanton','aliquam'),(17,'f','2015-08-11','New D\'angelo','odit'),(18,'f','1974-02-20','McCulloughmouth','accusamus'),(19,'f','1996-11-22','Maritzaton','ut'),(20,'m','2006-08-02','Annalisetown','atque'),(21,'f','1977-12-20','Christianafurt','totam'),(22,'m','1990-07-23','Klingfort','ut'),(23,'m','1972-02-15','Port Danielle','commodi'),(24,'f','1990-07-03','East Ethel','in'),(25,'m','2005-06-01','Haagbury','nulla'),(26,'m','1990-12-06','North Reanna','nihil'),(27,'f','1977-05-25','West Annamae','voluptas'),(28,'f','2013-03-21','Wunschbury','similique'),(29,'m','1971-09-01','Jerdeton','et'),(30,'f','2013-11-05','West Arvid','dignissimos'),(31,'m','1970-03-13','Tyrelburgh','ad'),(32,'f','2002-06-07','Brekkechester','velit'),(33,'m','1971-01-02','Port Jamarcus','sint'),(34,'m','2005-03-16','East Nathaniel','qui'),(35,'m','2019-08-10','Wintheiserside','commodi'),(36,'m','1972-07-23','West Felton','asperiores'),(37,'m','1978-02-17','Gradyview','consequatur'),(38,'m','1976-01-06','Port Rogerside','rem'),(39,'f','2005-02-18','Port Katrina','magnam'),(40,'m','1985-06-17','North Pearlineport','architecto'),(41,'m','1995-10-18','West Brendon','sed'),(42,'f','1977-05-17','Port Cletabury','explicabo'),(43,'m','1987-02-22','New Devante','non'),(44,'f','2001-02-07','Welchmouth','vel'),(45,'m','1998-07-18','Buckridgefort','ea'),(46,'m','2002-05-31','Eltonview','fuga'),(47,'m','2006-02-25','Giovanniberg','asperiores'),(48,'f','1998-11-09','Port Kaydenchester','et'),(49,'m','2003-08-05','Abbottville','et'),(50,'m','2000-06-08','Doylestad','odit'),(51,'m','1988-11-12','Port Jessie','delectus'),(52,'m','2019-07-24','New Kennithbury','reprehenderit'),(53,'m','2011-10-18','Lake Cecile','quia'),(54,'m','2006-08-17','West Kevenchester','iure'),(55,'f','2020-02-26','Nicolettefort','eum'),(56,'f','1977-02-25','North Kylieville','cupiditate'),(57,'m','1996-05-21','Lake Dejonton','id'),(58,'m','1976-11-15','Kariannefort','aut'),(59,'f','2010-04-23','Funkland','eos'),(60,'m','1988-01-09','Elenamouth','corrupti'),(61,'m','2002-04-23','Lueilwitzchester','eum'),(62,'f','2003-08-16','Roxannehaven','molestiae'),(63,'m','2006-09-07','Hudsonmouth','et'),(64,'m','2006-02-15','Jerdeport','omnis'),(65,'f','1972-07-31','Deckowburgh','amet'),(66,'f','1985-10-16','Port Verner','provident'),(67,'m','2015-01-06','Retamouth','dignissimos'),(68,'m','1988-08-01','North Richmond','aperiam'),(69,'f','1985-08-11','New Kenyonbury','quia'),(70,'m','1999-09-06','North Bertburgh','similique'),(71,'f','2005-07-14','New Joaniestad','ipsum'),(72,'m','1977-05-01','Beckerfort','cumque'),(73,'m','1993-03-15','South Vicky','facere'),(74,'m','1991-02-05','Ilaside','sit'),(75,'m','1976-03-15','West Elwyn','voluptatum'),(76,'f','1982-03-17','New Jaleel','sint'),(77,'m','2011-08-21','Lake Theresachester','qui'),(78,'m','2010-10-17','Wisozkstad','nulla'),(79,'f','1980-05-20','East Raymundo','ducimus'),(80,'f','1988-02-06','East Tevin','ex'),(81,'m','2009-05-15','North Arlie','et'),(82,'f','1996-07-07','East Stephon','veritatis'),(83,'m','1987-02-06','South Drewtown','et'),(84,'m','1995-07-23','West Graham','magni'),(85,'f','1986-05-08','Port Retabury','voluptas'),(86,'m','1987-07-01','Idaside','consequatur'),(87,'m','2017-11-23','New Suzanneton','sapiente'),(88,'m','1976-02-18','Port Zaria','reiciendis'),(89,'f','1982-06-16','Abernathychester','corrupti'),(90,'f','2005-11-11','North Rudy','quia'),(91,'m','1984-04-08','Selmerchester','magnam'),(92,'m','2009-12-28','Olenbury','asperiores'),(93,'m','1991-01-16','Langoshmouth','rerum'),(94,'f','2010-01-04','Everettburgh','dolorem'),(95,'f','2011-03-23','Port Shanieborough','similique'),(96,'f','1971-07-13','East Price','voluptas'),(97,'m','1975-04-16','Welchstad','voluptatem'),(98,'f','2007-11-13','North Bernadettehaven','exercitationem'),(99,'f','1999-03-31','Schmidtshire','nostrum'),(100,'f','2018-09-16','Lake Alexandria','eum');
/*!40000 ALTER TABLE `profiles` ENABLE KEYS */;
UNLOCK TABLES;

--
-- Table structure for table `users`
--

DROP TABLE IF EXISTS `users`;
/*!40101 SET @saved_cs_client     = @@character_set_client */;
/*!40101 SET character_set_client = utf8 */;
CREATE TABLE `users` (
  `id` int(10) unsigned NOT NULL AUTO_INCREMENT,
  `first_name` varchar(100) COLLATE utf8_unicode_ci NOT NULL,
  `last_name` varchar(100) COLLATE utf8_unicode_ci NOT NULL,
  `email` varchar(120) COLLATE utf8_unicode_ci NOT NULL,
  `phone` varchar(120) COLLATE utf8_unicode_ci NOT NULL,
  `created_at` datetime DEFAULT CURRENT_TIMESTAMP,
  `updated_at` datetime DEFAULT CURRENT_TIMESTAMP ON UPDATE CURRENT_TIMESTAMP,
  PRIMARY KEY (`id`),
  UNIQUE KEY `email` (`email`),
  UNIQUE KEY `phone` (`phone`)
) ENGINE=InnoDB AUTO_INCREMENT=101 DEFAULT CHARSET=utf8 COLLATE=utf8_unicode_ci;
/*!40101 SET character_set_client = @saved_cs_client */;

--
-- Dumping data for table `users`
--

LOCK TABLES `users` WRITE;
/*!40000 ALTER TABLE `users` DISABLE KEYS */;
INSERT INTO `users` VALUES (1,'Bernadine','Gorczany','elvera83@example.net','(909)445-6288x4000','1977-05-18 01:08:46','1993-02-17 07:10:24'),(2,'Sylvan','Schulist','dpadberg@example.net','(696)878-5754x3338','2002-12-25 22:07:01','2006-08-24 05:10:20'),(3,'Marietta','Schneider','reid37@example.com','(232)166-1077x2441','1980-07-28 18:33:59','1999-12-14 08:10:07'),(4,'Kiara','Hahn','strosin.ova@example.com','1-195-003-8435x44140','1974-08-14 07:11:42','2008-08-10 07:06:47'),(5,'Keagan','Upton','zmueller@example.com','725.788.0919x93627','1980-05-09 10:09:26','2006-03-02 19:28:40'),(6,'Evert','Dicki','donnelly.easton@example.org','087-655-0206','1974-09-06 20:29:12','2002-12-24 14:21:28'),(7,'Kelton','Klocko','oskiles@example.com','750.379.0785x340','1975-05-24 02:12:05','1993-04-07 13:09:38'),(8,'Tess','Deckow','mariana.reinger@example.com','1-632-402-5220x702','1983-03-15 19:36:37','1992-12-07 18:11:27'),(9,'Cleta','Bartoletti','kevin.becker@example.net','(723)088-5247x740','1979-02-17 17:19:39','1979-03-04 17:23:14'),(10,'Wilford','Kreiger','bert74@example.com','01931617838','2014-07-05 07:45:30','1981-01-14 00:21:24'),(11,'Javon','Veum','vickie.kuphal@example.net','(484)182-9113x4324','1995-01-22 19:57:12','1998-04-18 03:37:36'),(12,'Alayna','Collier','hoeger.terrill@example.org','(950)443-3019x81685','2003-05-03 02:17:15','2007-05-08 17:22:50'),(13,'Esmeralda','Okuneva','dee01@example.com','287.004.7469x44115','1981-02-28 16:28:57','1978-09-17 21:26:16'),(14,'Walker','Brown','alaina.spencer@example.com','589.165.3216x40244','2002-11-21 04:03:08','2002-02-14 10:01:55'),(15,'Santina','Cronin','simonis.flossie@example.org','920.768.6276x23750','2013-10-30 12:51:20','1999-10-30 20:21:34'),(16,'Misael','Auer','elizabeth.mosciski@example.com','489-142-3245x5134','1980-12-21 22:22:30','2014-07-12 21:34:55'),(17,'Miller','Sanford','clarissa35@example.org','01321654760','2006-07-12 17:31:48','1993-05-16 13:48:10'),(18,'Koby','Hammes','ray73@example.org','660-799-7214','1992-09-08 01:36:42','1998-02-26 02:17:29'),(19,'Elroy','Streich','gerhard.barrows@example.net','+68(4)2747255993','1992-03-04 11:19:08','1979-02-21 17:51:48'),(20,'Pearlie','Klocko','yost.vincent@example.com','1-676-984-4104','1980-07-24 02:52:48','2003-10-14 20:24:14'),(21,'Luther','Klocko','leannon.clark@example.com','283.175.1149x000','2018-02-20 17:57:04','1971-06-10 16:09:12'),(22,'Chester','Oberbrunner','rlemke@example.com','362-995-7042','1979-04-28 22:01:24','1996-02-29 02:08:14'),(23,'Sage','Bruen','sven.harvey@example.net','757.668.2663x1257','1984-06-17 01:37:13','2018-03-23 14:15:27'),(24,'Billie','Powlowski','mcclure.carleton@example.org','+60(3)2833195292','1988-11-21 06:52:30','1976-11-03 23:00:17'),(25,'Mitchell','Durgan','cmarvin@example.net','171.391.7724','2004-10-27 11:08:06','2015-08-09 21:57:14'),(26,'Elmore','Blanda','tony18@example.org','+76(0)9245787938','1987-11-08 14:17:10','1978-02-21 03:36:16'),(27,'Bridget','Gaylord','waters.barney@example.com','+91(2)4760439225','1983-07-17 05:44:48','1997-10-02 00:50:00'),(28,'Donny','Carroll','earnestine09@example.org','641.985.2535','2015-05-08 06:33:05','1971-01-03 09:36:06'),(29,'Rebekah','Collins','lenora70@example.net','03756734179','1971-12-05 20:02:15','1995-06-09 15:03:12'),(30,'Jarrett','Macejkovic','gloria.koepp@example.com','1-651-083-2421x4500','2012-06-23 15:46:48','2015-01-10 02:02:52'),(31,'Antonia','Ziemann','nbeier@example.net','(758)670-0383x74986','2001-07-01 09:37:09','1983-07-12 09:40:41'),(32,'Omer','Larson','millie.welch@example.net','(692)183-7780x57360','1984-06-15 22:42:45','1989-11-23 09:10:34'),(33,'Jon','Effertz','brice@example.net','378.182.1653','1999-11-16 00:57:01','1973-04-29 18:48:54'),(34,'Annie','Maggio','hank.kessler@example.com','+25(7)8916428095','1988-02-19 19:23:40','2000-04-09 04:12:47'),(35,'Judson','Larkin','cynthia81@example.org','478.162.5873x147','1984-03-25 17:35:29','1994-04-20 22:41:11'),(36,'Robbie','Berge','eula.lynch@example.org','+01(7)4839270575','1975-10-29 08:46:16','1981-06-27 13:22:07'),(37,'Aubrey','Rohan','florence89@example.org','(721)182-6983x7002','2008-05-16 03:51:13','1983-01-15 04:20:58'),(38,'Blaze','Effertz','adriel.wilderman@example.org','003-850-8534x9343','2007-02-04 22:36:56','2015-10-25 20:26:02'),(39,'Jabari','Bauch','arnold.hintz@example.net','625.991.6502','2009-01-19 06:06:13','1989-05-06 00:27:43'),(40,'Maybelle','O\'Kon','lacy.pagac@example.net','953-150-7744x0437','1974-04-04 09:23:23','1991-07-03 16:10:58'),(41,'Gudrun','Kohler','danika.thompson@example.net','(859)570-5032','2004-09-20 12:57:15','2008-12-22 15:52:55'),(42,'Tamara','Turner','elmira67@example.net','302-623-4023x290','2001-01-11 14:45:28','2011-05-20 10:48:30'),(43,'Claire','Kub','mconn@example.net','1-347-609-5793x9518','2003-06-27 00:54:26','2003-05-21 18:23:55'),(44,'Cassandra','Herman','beverly.hoeger@example.org','829-005-3577','2015-03-31 05:38:56','1986-05-14 14:52:46'),(45,'Verner','Stracke','qbreitenberg@example.com','(284)641-3916','1998-08-29 11:57:06','1989-05-31 12:26:56'),(46,'Jules','Breitenberg','kiara46@example.net','+80(8)2941063576','2011-06-20 02:27:06','1973-04-15 06:11:29'),(47,'Arden','Kovacek','uemard@example.org','00083951782','2016-01-20 05:54:07','1984-08-19 06:08:38'),(48,'Justine','Christiansen','priscilla69@example.org','(072)194-0032','1995-04-06 09:28:45','1998-03-08 07:35:21'),(49,'Noelia','Beahan','gpacocha@example.net','+81(9)6897588955','1972-10-06 23:37:35','2005-02-22 10:06:46'),(50,'Phoebe','Bogisich','octavia20@example.org','02982737023','1991-06-22 03:42:42','2018-03-14 18:28:29'),(51,'Audreanne','Mohr','mckenna.dicki@example.com','(839)176-6381','1980-07-10 08:36:35','2000-02-25 21:25:39'),(52,'Ross','Volkman','rogers69@example.org','884.591.7228','1986-03-02 15:02:25','1999-09-21 09:37:44'),(53,'Jazmin','Deckow','fframi@example.com','05418327686','2003-05-22 08:58:36','2010-11-15 22:51:00'),(54,'Troy','Upton','major.terry@example.org','1-409-454-2803','1995-08-25 05:38:13','1976-12-02 22:44:57'),(55,'Gayle','Hickle','daphne67@example.org','1-049-989-6803x335','1979-03-28 07:15:35','1971-03-02 18:19:19'),(56,'Estell','Turner','helene64@example.net','1-384-762-5166x86253','2013-05-24 04:51:11','1976-07-03 23:36:37'),(57,'Rosella','Romaguera','dcollins@example.com','03906525797','1975-10-27 05:32:04','1990-07-07 06:52:12'),(58,'Archibald','Cartwright','elta.conroy@example.com','033.171.6061','1998-07-28 11:49:12','1994-09-18 02:36:04'),(59,'Abigail','Schoen','litzy21@example.net','08632379820','2019-01-31 22:33:35','2014-01-01 04:08:02'),(60,'Marilie','Funk','miller.grant@example.net','1-037-900-2364x137','1995-05-18 20:01:34','2012-09-16 21:51:23'),(61,'Gwendolyn','Kertzmann','jed42@example.org','05391052944','1994-05-13 07:40:21','2010-09-19 03:16:29'),(62,'Lenore','Roberts','littel.arnold@example.com','928.317.9166x760','1992-02-05 03:41:20','2005-01-28 16:57:04'),(63,'Talon','Hoppe','otho.krajcik@example.org','(224)144-3964','1984-11-23 06:21:14','2015-06-01 16:30:05'),(64,'Andy','Labadie','mittie76@example.net','918-793-5161x0092','1998-04-26 18:12:25','1990-07-21 08:03:42'),(65,'Chadrick','Feil','retha.kulas@example.net','(155)801-7565x821','2018-03-27 10:26:56','1974-01-09 17:43:53'),(66,'Stella','Sawayn','maia.jerde@example.org','1-962-917-3730x8799','1981-09-03 14:08:02','1989-09-02 19:32:25'),(67,'Roman','Denesik','vernie.schuppe@example.org','03282534037','2017-03-12 21:15:26','2017-04-03 11:37:17'),(68,'Allan','Mueller','jeanie64@example.net','712-122-7232x20401','1996-09-21 23:31:06','1986-05-01 03:10:24'),(69,'Barrett','Zboncak','wschaden@example.com','1-350-331-9918','1983-04-07 06:52:44','1981-03-25 05:01:49'),(70,'Alf','Schiller','richmond.borer@example.net','1-094-379-1789x44560','1999-09-26 00:52:39','2007-04-16 20:04:01'),(71,'Abe','Koelpin','dlarkin@example.com','574.639.2439x947','1972-07-18 02:49:34','2005-04-15 06:05:22'),(72,'Elwin','Kreiger','colin77@example.com','243-737-4586x6957','2005-07-13 04:35:49','1978-01-17 22:45:13'),(73,'Domenica','Cronin','kane.dickens@example.net','639-712-7235x673','1991-12-04 00:00:27','1993-06-24 20:18:45'),(74,'Susanna','Boyle','finn.hegmann@example.org','+09(0)0010912052','2001-10-17 03:26:30','2007-12-18 05:33:34'),(75,'Jamey','Heidenreich','balistreri.alvis@example.com','219.428.2383x9378','2016-04-12 06:59:43','1984-04-13 09:31:23'),(76,'Jerel','Mayert','rolfson.maiya@example.org','(121)188-5550','1992-08-17 09:26:25','2010-12-04 17:09:11'),(77,'Marianna','Kilback','grady.cory@example.net','132-762-0233x71092','1997-01-21 03:38:41','1972-02-04 20:05:53'),(78,'Freddie','Turner','pmraz@example.org','(228)997-0224x1503','1977-05-04 08:10:13','1981-08-26 19:19:39'),(79,'Ramiro','Satterfield','ophelia12@example.com','(941)124-3052x262','1995-12-12 12:54:48','1971-09-19 01:53:45'),(80,'Jaclyn','Lowe','morar.elbert@example.net','1-203-987-0837x85116','1995-06-17 17:20:33','2007-08-21 11:49:31'),(81,'Andres','Funk','hills.ariane@example.net','1-402-517-4784x74656','1977-05-04 02:11:51','2004-12-28 05:28:43'),(82,'Enoch','Stiedemann','clement76@example.org','+96(4)5957723693','2016-07-23 05:39:58','2012-06-18 01:30:58'),(83,'Hertha','Lubowitz','bogisich.danielle@example.com','455.927.1308x116','1980-06-20 14:37:29','2005-06-01 17:40:46'),(84,'Hortense','Watsica','hagenes.antonette@example.com','646-872-4692','1982-05-04 02:52:56','2017-10-02 21:53:34'),(85,'Cordell','Emard','svolkman@example.com','057.757.1371x78233','1979-01-16 08:18:47','1994-06-08 02:55:24'),(86,'Isabel','Veum','hschumm@example.org','1-930-506-7293x8486','2016-02-29 01:37:50','1985-02-11 23:35:27'),(87,'Pansy','Swaniawski','gfay@example.net','1-180-875-7917','1990-04-12 03:09:19','1970-03-13 09:01:11'),(88,'Mozell','Crona','gleason.malinda@example.com','173.643.1604','2009-07-12 15:07:14','1970-05-18 23:14:00'),(89,'Jairo','Schultz','deven.sauer@example.com','651.584.2857x6650','1980-04-03 08:36:54','1981-03-27 21:32:48'),(90,'Kaela','Brown','ldickens@example.com','591.024.8710x5914','2012-10-01 20:46:03','1988-03-18 07:53:59'),(91,'Dashawn','Deckow','haley.rath@example.org','959.216.7542x87750','2012-01-10 18:02:48','1971-04-20 13:21:26'),(92,'Kameron','Wehner','chahn@example.net','(890)950-8485x0389','2009-09-06 17:11:09','2010-09-10 04:32:10'),(93,'Ressie','Cormier','nschmidt@example.com','01217482361','1985-03-29 12:09:17','2013-05-16 23:26:22'),(94,'Peggie','Cronin','heaney.sydni@example.net','153.555.3506','1987-02-23 08:52:07','2002-02-05 10:50:45'),(95,'Carroll','Mitchell','zula72@example.org','1-626-904-8950','2013-06-02 13:10:08','2003-08-18 14:56:17'),(96,'Clint','Kunze','hershel21@example.org','(563)824-9793x1911','1992-01-25 09:42:16','1995-09-20 00:50:40'),(97,'Hassie','Hauck','boyle.brielle@example.com','(942)263-4529x758','2005-11-18 10:59:53','2014-10-12 21:24:25'),(98,'Camron','McKenzie','fhackett@example.com','617-828-4059x34295','2006-11-19 22:41:27','2017-07-14 20:42:27'),(99,'Renee','Stokes','anthony.kuphal@example.com','589-119-9948','2003-12-02 13:56:11','1974-11-06 16:44:49'),(100,'Celestine','Corwin','kuhn.jaime@example.org','299-365-1867x27675','1992-06-16 02:05:32','1995-07-16 17:00:01');
/*!40000 ALTER TABLE `users` ENABLE KEYS */;
UNLOCK TABLES;
/*!40103 SET TIME_ZONE=@OLD_TIME_ZONE */;

/*!40101 SET SQL_MODE=@OLD_SQL_MODE */;
/*!40014 SET FOREIGN_KEY_CHECKS=@OLD_FOREIGN_KEY_CHECKS */;
/*!40014 SET UNIQUE_CHECKS=@OLD_UNIQUE_CHECKS */;
/*!40101 SET CHARACTER_SET_CLIENT=@OLD_CHARACTER_SET_CLIENT */;
/*!40101 SET CHARACTER_SET_RESULTS=@OLD_CHARACTER_SET_RESULTS */;
/*!40101 SET COLLATION_CONNECTION=@OLD_COLLATION_CONNECTION */;
/*!40111 SET SQL_NOTES=@OLD_SQL_NOTES */;

-- Dump completed on 2020-05-03 23:51:45
